snapshot_at_utc	benchmark_commit	runner_sha256	target	target_kind	target_commit	omz_commit	zsh_version	git_version	fixture_files	settle_ms	state	iteration	first_ms	settled_ms	repaints	git_calls	unlocked_calls	semantic_pass	measurement_started_epoch_seconds	measurement_finished_epoch_seconds	cpu_psi_some_total_before	cpu_psi_some_total_after
2026-09-02T01:43:24Z	2a8202573382705a9d423e5818e57d59e774bf3e	5a02941e176b9f49a05c37d8417a76b96b4a65bcf8812221a82d30ffd3ad5061	raw	control	5.9	2264a8042763edf2620cfe32d96b096e1f3d26aa	5.9	2.55.0	1000	150	clean	1	0.670	0.670	0	0	0	na	1788313405.116136	1788313405.269502	178020675	178022003
2026-09-02T01:43:24Z	2a8202573382705a9d423e5818e57d59e774bf3e	5a02941e176b9f49a05c37d8417a76b96b4a65bcf8812221a82d30ffd3ad5061	raw	control	5.9	2264a8042763edf2620cfe32d96b096e1f3d26aa	5.9	2.55.0	1000	150	clean	2	0.534	0.534	0	0	0	na	1788313405.423170	1788313405.576677	178023263	178024186
2026-09-02T01:43:24Z	2a8202573382705a9d423e5818e57d59e774bf3e	5a02941e176b9f49a05c37d8417a76b96b4a65bcf8812221a82d30ffd3ad5061	raw	control	5.9	2264a8042763edf2620cfe32d96b096e1f3d26aa	5.9	2.55.0	1000	150	clean	3	0.741	0.741	0	0	0	na	1788313405.729978	1788313405.883744	178025214	178027297
2026-09-02T01:43:24Z	2a8202573382705a9d423e5818e57d59e774bf3e	5a02941e176b9f49a05c37d8417a76b96b4a65bcf8812221a82d30ffd3ad5061	raw	control	5.9	2264a8042763edf2620cfe32d96b096e1f3d26aa	5.9	2.55.0	1000	150	clean	4	0.559	0.559	0	0	0	na	1788313406.037175	1788313406.190737	178029098	178030234
2026-09-02T01:43:24Z	2a8202573382705a9d423e5818e57d59e774bf3e	5a02941e176b9f49a05c37d8417a76b96b4a65bcf8812221a82d30ffd3ad5061	raw	control	5.9	2264a8042763edf2620cfe32d96b096e1f3d26aa	5.9	2.55.0	1000	150	clean	5	0.669	0.669	0	0	0	na	1788313406.344813	1788313406.498621	178031179	178032677
2026-09-02T01:43:24Z	2a8202573382705a9d423e5818e57d59e774bf3e	5a02941e176b9f49a05c37d8417a76b96b4a65bcf8812221a82d30ffd3ad5061	raw	control	5.9	2264a8042763edf2620cfe32d96b096e1f3d26aa	5.9	2.55.0	1000	150	clean	6	0.519	0.519	0	0	0	na	1788313406.651944	1788313406.805352	178033866	178034832
2026-09-02T01:43:24Z	2a8202573382705a9d423e5818e57d59e774bf3e	5a02941e176b9f49a05c37d8417a76b96b4a65bcf8812221a82d30ffd3ad5061	raw	control	5.9	2264a8042763edf2620cfe32d96b096e1f3d26aa	5.9	2.55.0	1000	150	clean	7	0.508	0.508	0	0	0	na	1788313406.958760	1788313407.112030	178037229	178038923
2026-09-02T01:43:24Z	2a8202573382705a9d423e5818e57d59e774bf3e	5a02941e176b9f49a05c37d8417a76b96b4a65bcf8812221a82d30ffd3ad5061	raw	control	5.9	2264a8042763edf2620cfe32d96b096e1f3d26aa	5.9	2.55.0	1000	150	clean	8	0.563	0.563	0	0	0	na	1788313407.265479	1788313407.418913	178040167	178040971
2026-09-02T01:43:24Z	2a8202573382705a9d423e5818e57d59e774bf3e	5a02941e176b9f49a05c37d8417a76b96b4a65bcf8812221a82d30ffd3ad5061	raw	control	5.9	2264a8042763edf2620cfe32d96b096e1f3d26aa	5.9	2.55.0	1000	150	clean	9	0.562	0.562	0	0	0	na	1788313407.572146	1788313407.726196	178042731	178043638
2026-09-02T01:43:24Z	2a8202573382705a9d423e5818e57d59e774bf3e	5a02941e176b9f49a05c37d8417a76b96b4a65bcf8812221a82d30ffd3ad5061	raw	control	5.9	2264a8042763edf2620cfe32d96b096e1f3d26aa	5.9	2.55.0	1000	150	clean	10	0.604	0.604	0	0	0	na	1788313407.879943	1788313408.034149	178044273	178045256
2026-09-02T01:43:24Z	2a8202573382705a9d423e5818e57d59e774bf3e	5a02941e176b9f49a05c37d8417a76b96b4a65bcf8812221a82d30ffd3ad5061	raw	control	5.9	2264a8042763edf2620cfe32d96b096e1f3d26aa	5.9	2.55.0	1000	150	clean	11	0.567	0.567	0	0	0	na	1788313408.187941	1788313408.341740	178047021	178048274
2026-09-02T01:43:24Z	2a8202573382705a9d423e5818e57d59e774bf3e	5a02941e176b9f49a05c37d8417a76b96b4a65bcf8812221a82d30ffd3ad5061	raw	control	5.9	2264a8042763edf2620cfe32d96b096e1f3d26aa	5.9	2.55.0	1000	150	clean	12	0.622	0.622	0	0	0	na	1788313408.495669	1788313408.649578	178049071	178050132
2026-09-02T01:43:24Z	2a8202573382705a9d423e5818e57d59e774bf3e	5a02941e176b9f49a05c37d8417a76b96b4a65bcf8812221a82d30ffd3ad5061	raw	control	5.9	2264a8042763edf2620cfe32d96b096e1f3d26aa	5.9	2.55.0	1000	150	clean	13	0.546	0.546	0	0	0	na	1788313408.803035	1788313408.956711	178051098	178051645
2026-09-02T01:43:24Z	2a8202573382705a9d423e5818e57d59e774bf3e	5a02941e176b9f49a05c37d8417a76b96b4a65bcf8812221a82d30ffd3ad5061	raw	control	5.9	2264a8042763edf2620cfe32d96b096e1f3d26aa	5.9	2.55.0	1000	150	clean	14	0.842	0.842	0	0	0	na	1788313409.111345	1788313409.266418	178054210	178058319
2026-09-02T01:43:24Z	2a8202573382705a9d423e5818e57d59e774bf3e	5a02941e176b9f49a05c37d8417a76b96b4a65bcf8812221a82d30ffd3ad5061	raw	control	5.9	2264a8042763edf2620cfe32d96b096e1f3d26aa	5.9	2.55.0	1000	150	clean	15	0.726	0.726	0	0	0	na	1788313409.421880	1788313409.577370	178062249	178065294
2026-09-02T01:43:24Z	2a8202573382705a9d423e5818e57d59e774bf3e	5a02941e176b9f49a05c37d8417a76b96b4a65bcf8812221a82d30ffd3ad5061	raw	control	5.9	2264a8042763edf2620cfe32d96b096e1f3d26aa	5.9	2.55.0	1000	150	clean	16	0.593	0.593	0	0	0	na	1788313409.732258	1788313409.885803	178066189	178067423
2026-09-02T01:43:24Z	2a8202573382705a9d423e5818e57d59e774bf3e	5a02941e176b9f49a05c37d8417a76b96b4a65bcf8812221a82d30ffd3ad5061	raw	control	5.9	2264a8042763edf2620cfe32d96b096e1f3d26aa	5.9	2.55.0	1000	150	clean	17	0.609	0.609	0	0	0	na	1788313410.039537	1788313410.193073	178069001	178070483
2026-09-02T01:43:24Z	2a8202573382705a9d423e5818e57d59e774bf3e	5a02941e176b9f49a05c37d8417a76b96b4a65bcf8812221a82d30ffd3ad5061	raw	control	5.9	2264a8042763edf2620cfe32d96b096e1f3d26aa	5.9	2.55.0	1000	150	clean	18	0.563	0.563	0	0	0	na	1788313410.346786	1788313410.500230	178071753	178073349
2026-09-02T01:43:24Z	2a8202573382705a9d423e5818e57d59e774bf3e	5a02941e176b9f49a05c37d8417a76b96b4a65bcf8812221a82d30ffd3ad5061	raw	control	5.9	2264a8042763edf2620cfe32d96b096e1f3d26aa	5.9	2.55.0	1000	150	clean	19	0.589	0.589	0	0	0	na	1788313410.653379	1788313410.807048	178073911	178075491
2026-09-02T01:43:24Z	2a8202573382705a9d423e5818e57d59e774bf3e	5a02941e176b9f49a05c37d8417a76b96b4a65bcf8812221a82d30ffd3ad5061	raw	control	5.9	2264a8042763edf2620cfe32d96b096e1f3d26aa	5.9	2.55.0	1000	150	clean	20	0.602	0.602	0	0	0	na	1788313410.960553	1788313411.114048	178076839	178077963
2026-09-02T01:43:24Z	2a8202573382705a9d423e5818e57d59e774bf3e	5a02941e176b9f49a05c37d8417a76b96b4a65bcf8812221a82d30ffd3ad5061	raw	control	5.9	2264a8042763edf2620cfe32d96b096e1f3d26aa	5.9	2.55.0	1000	150	dirty	1	0.470	0.470	0	0	0	na	1788313411.294701	1788313411.448102	178078506	178080597
2026-09-02T01:43:24Z	2a8202573382705a9d423e5818e57d59e774bf3e	5a02941e176b9f49a05c37d8417a76b96b4a65bcf8812221a82d30ffd3ad5061	raw	control	5.9	2264a8042763edf2620cfe32d96b096e1f3d26aa	5.9	2.55.0	1000	150	dirty	2	0.509	0.509	0	0	0	na	1788313411.601513	1788313411.755309	178081708	178082319
2026-09-02T01:43:24Z	2a8202573382705a9d423e5818e57d59e774bf3e	5a02941e176b9f49a05c37d8417a76b96b4a65bcf8812221a82d30ffd3ad5061	raw	control	5.9	2264a8042763edf2620cfe32d96b096e1f3d26aa	5.9	2.55.0	1000	150	dirty	3	0.549	0.549	0	0	0	na	1788313411.908825	1788313412.062116	178084454	178086340
2026-09-02T01:43:24Z	2a8202573382705a9d423e5818e57d59e774bf3e	5a02941e176b9f49a05c37d8417a76b96b4a65bcf8812221a82d30ffd3ad5061	raw	control	5.9	2264a8042763edf2620cfe32d96b096e1f3d26aa	5.9	2.55.0	1000	150	dirty	4	0.464	0.464	0	0	0	na	1788313412.215408	1788313412.369015	178087653	178088288
2026-09-02T01:43:24Z	2a8202573382705a9d423e5818e57d59e774bf3e	5a02941e176b9f49a05c37d8417a76b96b4a65bcf8812221a82d30ffd3ad5061	raw	control	5.9	2264a8042763edf2620cfe32d96b096e1f3d26aa	5.9	2.55.0	1000	150	dirty	5	0.534	0.534	0	0	0	na	1788313412.523545	1788313412.677889	178090204	178091352
2026-09-02T01:43:24Z	2a8202573382705a9d423e5818e57d59e774bf3e	5a02941e176b9f49a05c37d8417a76b96b4a65bcf8812221a82d30ffd3ad5061	raw	control	5.9	2264a8042763edf2620cfe32d96b096e1f3d26aa	5.9	2.55.0	1000	150	dirty	6	0.534	0.534	0	0	0	na	1788313412.832177	1788313412.987383	178092165	178093146
2026-09-02T01:43:24Z	2a8202573382705a9d423e5818e57d59e774bf3e	5a02941e176b9f49a05c37d8417a76b96b4a65bcf8812221a82d30ffd3ad5061	raw	control	5.9	2264a8042763edf2620cfe32d96b096e1f3d26aa	5.9	2.55.0	1000	150	dirty	7	0.590	0.590	0	0	0	na	1788313413.141706	1788313413.295961	178094772	178096205
2026-09-02T01:43:24Z	2a8202573382705a9d423e5818e57d59e774bf3e	5a02941e176b9f49a05c37d8417a76b96b4a65bcf8812221a82d30ffd3ad5061	raw	control	5.9	2264a8042763edf2620cfe32d96b096e1f3d26aa	5.9	2.55.0	1000	150	dirty	8	0.619	0.619	0	0	0	na	1788313413.450345	1788313413.604869	178097563	178098136
2026-09-02T01:43:24Z	2a8202573382705a9d423e5818e57d59e774bf3e	5a02941e176b9f49a05c37d8417a76b96b4a65bcf8812221a82d30ffd3ad5061	raw	control	5.9	2264a8042763edf2620cfe32d96b096e1f3d26aa	5.9	2.55.0	1000	150	dirty	9	0.493	0.493	0	0	0	na	1788313413.758038	1788313413.912498	178099108	178099990
2026-09-02T01:43:24Z	2a8202573382705a9d423e5818e57d59e774bf3e	5a02941e176b9f49a05c37d8417a76b96b4a65bcf8812221a82d30ffd3ad5061	raw	control	5.9	2264a8042763edf2620cfe32d96b096e1f3d26aa	5.9	2.55.0	1000	150	dirty	10	0.553	0.553	0	0	0	na	1788313414.066435	1788313414.220859	178100970	178102140
2026-09-02T01:43:24Z	2a8202573382705a9d423e5818e57d59e774bf3e	5a02941e176b9f49a05c37d8417a76b96b4a65bcf8812221a82d30ffd3ad5061	raw	control	5.9	2264a8042763edf2620cfe32d96b096e1f3d26aa	5.9	2.55.0	1000	150	dirty	11	0.723	0.723	0	0	0	na	1788313414.374894	1788313414.529778	178104489	178105931
2026-09-02T01:43:24Z	2a8202573382705a9d423e5818e57d59e774bf3e	5a02941e176b9f49a05c37d8417a76b96b4a65bcf8812221a82d30ffd3ad5061	raw	control	5.9	2264a8042763edf2620cfe32d96b096e1f3d26aa	5.9	2.55.0	1000	150	dirty	12	0.529	0.529	0	0	0	na	1788313414.684032	1788313414.837760	178106989	178107837
2026-09-02T01:43:24Z	2a8202573382705a9d423e5818e57d59e774bf3e	5a02941e176b9f49a05c37d8417a76b96b4a65bcf8812221a82d30ffd3ad5061	raw	control	5.9	2264a8042763edf2620cfe32d96b096e1f3d26aa	5.9	2.55.0	1000	150	dirty	13	0.502	0.502	0	0	0	na	1788313414.991301	1788313415.144719	178109113	178110422
2026-09-02T01:43:24Z	2a8202573382705a9d423e5818e57d59e774bf3e	5a02941e176b9f49a05c37d8417a76b96b4a65bcf8812221a82d30ffd3ad5061	raw	control	5.9	2264a8042763edf2620cfe32d96b096e1f3d26aa	5.9	2.55.0	1000	150	dirty	14	0.471	0.471	0	0	0	na	1788313415.298202	1788313415.451367	178111213	178112475
2026-09-02T01:43:24Z	2a8202573382705a9d423e5818e57d59e774bf3e	5a02941e176b9f49a05c37d8417a76b96b4a65bcf8812221a82d30ffd3ad5061	raw	control	5.9	2264a8042763edf2620cfe32d96b096e1f3d26aa	5.9	2.55.0	1000	150	dirty	15	0.442	0.442	0	0	0	na	1788313415.604510	1788313415.757629	178113169	178114109
2026-09-02T01:43:24Z	2a8202573382705a9d423e5818e57d59e774bf3e	5a02941e176b9f49a05c37d8417a76b96b4a65bcf8812221a82d30ffd3ad5061	raw	control	5.9	2264a8042763edf2620cfe32d96b096e1f3d26aa	5.9	2.55.0	1000	150	dirty	16	0.507	0.507	0	0	0	na	1788313415.910878	1788313416.064996	178115473	178116386
2026-09-02T01:43:24Z	2a8202573382705a9d423e5818e57d59e774bf3e	5a02941e176b9f49a05c37d8417a76b96b4a65bcf8812221a82d30ffd3ad5061	raw	control	5.9	2264a8042763edf2620cfe32d96b096e1f3d26aa	5.9	2.55.0	1000	150	dirty	17	0.535	0.535	0	0	0	na	1788313416.219370	1788313416.373786	178118654	178120108
2026-09-02T01:43:24Z	2a8202573382705a9d423e5818e57d59e774bf3e	5a02941e176b9f49a05c37d8417a76b96b4a65bcf8812221a82d30ffd3ad5061	raw	control	5.9	2264a8042763edf2620cfe32d96b096e1f3d26aa	5.9	2.55.0	1000	150	dirty	18	0.529	0.529	0	0	0	na	1788313416.528228	1788313416.681883	178121605	178122929
2026-09-02T01:43:24Z	2a8202573382705a9d423e5818e57d59e774bf3e	5a02941e176b9f49a05c37d8417a76b96b4a65bcf8812221a82d30ffd3ad5061	raw	control	5.9	2264a8042763edf2620cfe32d96b096e1f3d26aa	5.9	2.55.0	1000	150	dirty	19	0.525	0.525	0	0	0	na	1788313416.835178	1788313416.988423	178124482	178126089
2026-09-02T01:43:24Z	2a8202573382705a9d423e5818e57d59e774bf3e	5a02941e176b9f49a05c37d8417a76b96b4a65bcf8812221a82d30ffd3ad5061	raw	control	5.9	2264a8042763edf2620cfe32d96b096e1f3d26aa	5.9	2.55.0	1000	150	dirty	20	0.583	0.583	0	0	0	na	1788313417.141716	1788313417.295024	178127147	178127978
2026-09-02T01:43:24Z	2a8202573382705a9d423e5818e57d59e774bf3e	5a02941e176b9f49a05c37d8417a76b96b4a65bcf8812221a82d30ffd3ad5061	raw	control	5.9	2264a8042763edf2620cfe32d96b096e1f3d26aa	5.9	2.55.0	1000	150	untracked	1	0.605	0.605	0	0	0	na	1788313417.470522	1788313417.623984	178129352	178130202
2026-09-02T01:43:24Z	2a8202573382705a9d423e5818e57d59e774bf3e	5a02941e176b9f49a05c37d8417a76b96b4a65bcf8812221a82d30ffd3ad5061	raw	control	5.9	2264a8042763edf2620cfe32d96b096e1f3d26aa	5.9	2.55.0	1000	150	untracked	2	0.655	0.655	0	0	0	na	1788313417.780067	1788313417.933690	178131551	178133239
2026-09-02T01:43:24Z	2a8202573382705a9d423e5818e57d59e774bf3e	5a02941e176b9f49a05c37d8417a76b96b4a65bcf8812221a82d30ffd3ad5061	raw	control	5.9	2264a8042763edf2620cfe32d96b096e1f3d26aa	5.9	2.55.0	1000	150	untracked	3	0.579	0.579	0	0	0	na	1788313418.088498	1788313418.242031	178134748	178135895
2026-09-02T01:43:24Z	2a8202573382705a9d423e5818e57d59e774bf3e	5a02941e176b9f49a05c37d8417a76b96b4a65bcf8812221a82d30ffd3ad5061	raw	control	5.9	2264a8042763edf2620cfe32d96b096e1f3d26aa	5.9	2.55.0	1000	150	untracked	4	0.612	0.612	0	0	0	na	1788313418.397244	1788313418.550840	178138046	178139518
2026-09-02T01:43:24Z	2a8202573382705a9d423e5818e57d59e774bf3e	5a02941e176b9f49a05c37d8417a76b96b4a65bcf8812221a82d30ffd3ad5061	raw	control	5.9	2264a8042763edf2620cfe32d96b096e1f3d26aa	5.9	2.55.0	1000	150	untracked	5	0.726	0.726	0	0	0	na	1788313418.705732	1788313418.859871	178140462	178141615
2026-09-02T01:43:24Z	2a8202573382705a9d423e5818e57d59e774bf3e	5a02941e176b9f49a05c37d8417a76b96b4a65bcf8812221a82d30ffd3ad5061	raw	control	5.9	2264a8042763edf2620cfe32d96b096e1f3d26aa	5.9	2.55.0	1000	150	untracked	6	0.603	0.603	0	0	0	na	1788313419.015503	1788313419.169342	178143234	178144544
2026-09-02T01:43:24Z	2a8202573382705a9d423e5818e57d59e774bf3e	5a02941e176b9f49a05c37d8417a76b96b4a65bcf8812221a82d30ffd3ad5061	raw	control	5.9	2264a8042763edf2620cfe32d96b096e1f3d26aa	5.9	2.55.0	1000	150	untracked	7	0.652	0.652	0	0	0	na	1788313419.325327	1788313419.479219	178145473	178146992
2026-09-02T01:43:24Z	2a8202573382705a9d423e5818e57d59e774bf3e	5a02941e176b9f49a05c37d8417a76b96b4a65bcf8812221a82d30ffd3ad5061	raw	control	5.9	2264a8042763edf2620cfe32d96b096e1f3d26aa	5.9	2.55.0	1000	150	untracked	8	0.675	0.675	0	0	0	na	1788313419.634390	1788313419.788100	178148022	178148634
2026-09-02T01:43:24Z	2a8202573382705a9d423e5818e57d59e774bf3e	5a02941e176b9f49a05c37d8417a76b96b4a65bcf8812221a82d30ffd3ad5061	raw	control	5.9	2264a8042763edf2620cfe32d96b096e1f3d26aa	5.9	2.55.0	1000	150	untracked	9	0.734	0.734	0	0	0	na	1788313419.943418	1788313420.097564	178150557	178152555
2026-09-02T01:43:24Z	2a8202573382705a9d423e5818e57d59e774bf3e	5a02941e176b9f49a05c37d8417a76b96b4a65bcf8812221a82d30ffd3ad5061	raw	control	5.9	2264a8042763edf2620cfe32d96b096e1f3d26aa	5.9	2.55.0	1000	150	untracked	10	0.655	0.655	0	0	0	na	1788313420.253077	1788313420.406669	178153655	178154279
2026-09-02T01:43:24Z	2a8202573382705a9d423e5818e57d59e774bf3e	5a02941e176b9f49a05c37d8417a76b96b4a65bcf8812221a82d30ffd3ad5061	raw	control	5.9	2264a8042763edf2620cfe32d96b096e1f3d26aa	5.9	2.55.0	1000	150	untracked	11	0.579	0.579	0	0	0	na	1788313420.561701	1788313420.715357	178155574	178156791
2026-09-02T01:43:24Z	2a8202573382705a9d423e5818e57d59e774bf3e	5a02941e176b9f49a05c37d8417a76b96b4a65bcf8812221a82d30ffd3ad5061	raw	control	5.9	2264a8042763edf2620cfe32d96b096e1f3d26aa	5.9	2.55.0	1000	150	untracked	12	0.721	0.721	0	0	0	na	1788313420.870490	1788313421.024253	178158186	178160136
2026-09-02T01:43:24Z	2a8202573382705a9d423e5818e57d59e774bf3e	5a02941e176b9f49a05c37d8417a76b96b4a65bcf8812221a82d30ffd3ad5061	raw	control	5.9	2264a8042763edf2620cfe32d96b096e1f3d26aa	5.9	2.55.0	1000	150	untracked	13	0.577	0.577	0	0	0	na	1788313421.179393	1788313421.333202	178161986	178163224
2026-09-02T01:43:24Z	2a8202573382705a9d423e5818e57d59e774bf3e	5a02941e176b9f49a05c37d8417a76b96b4a65bcf8812221a82d30ffd3ad5061	raw	control	5.9	2264a8042763edf2620cfe32d96b096e1f3d26aa	5.9	2.55.0	1000	150	untracked	14	0.664	0.664	0	0	0	na	1788313421.488195	1788313421.641788	178164037	178166165
2026-09-02T01:43:24Z	2a8202573382705a9d423e5818e57d59e774bf3e	5a02941e176b9f49a05c37d8417a76b96b4a65bcf8812221a82d30ffd3ad5061	raw	control	5.9	2264a8042763edf2620cfe32d96b096e1f3d26aa	5.9	2.55.0	1000	150	untracked	15	0.655	0.655	0	0	0	na	1788313421.796826	1788313421.950611	178167747	178168762
2026-09-02T01:43:24Z	2a8202573382705a9d423e5818e57d59e774bf3e	5a02941e176b9f49a05c37d8417a76b96b4a65bcf8812221a82d30ffd3ad5061	raw	control	5.9	2264a8042763edf2620cfe32d96b096e1f3d26aa	5.9	2.55.0	1000	150	untracked	16	0.631	0.631	0	0	0	na	1788313422.105986	1788313422.259682	178170974	178172653
2026-09-02T01:43:24Z	2a8202573382705a9d423e5818e57d59e774bf3e	5a02941e176b9f49a05c37d8417a76b96b4a65bcf8812221a82d30ffd3ad5061	raw	control	5.9	2264a8042763edf2620cfe32d96b096e1f3d26aa	5.9	2.55.0	1000	150	untracked	17	0.574	0.574	0	0	0	na	1788313422.414634	1788313422.568199	178173996	178175621
2026-09-02T01:43:24Z	2a8202573382705a9d423e5818e57d59e774bf3e	5a02941e176b9f49a05c37d8417a76b96b4a65bcf8812221a82d30ffd3ad5061	raw	control	5.9	2264a8042763edf2620cfe32d96b096e1f3d26aa	5.9	2.55.0	1000	150	untracked	18	0.618	0.618	0	0	0	na	1788313422.723008	1788313422.876661	178177454	178178823
2026-09-02T01:43:24Z	2a8202573382705a9d423e5818e57d59e774bf3e	5a02941e176b9f49a05c37d8417a76b96b4a65bcf8812221a82d30ffd3ad5061	raw	control	5.9	2264a8042763edf2620cfe32d96b096e1f3d26aa	5.9	2.55.0	1000	150	untracked	19	0.610	0.610	0	0	0	na	1788313423.031844	1788313423.185325	178180032	178182208
2026-09-02T01:43:24Z	2a8202573382705a9d423e5818e57d59e774bf3e	5a02941e176b9f49a05c37d8417a76b96b4a65bcf8812221a82d30ffd3ad5061	raw	control	5.9	2264a8042763edf2620cfe32d96b096e1f3d26aa	5.9	2.55.0	1000	150	untracked	20	0.608	0.608	0	0	0	na	1788313423.340388	1788313423.494116	178183740	178184791
2026-09-02T01:43:24Z	2a8202573382705a9d423e5818e57d59e774bf3e	5a02941e176b9f49a05c37d8417a76b96b4a65bcf8812221a82d30ffd3ad5061	wakamex	local	0fa4a72ff93c544567760958845ab199808f3017	2264a8042763edf2620cfe32d96b096e1f3d26aa	5.9	2.55.0	1000	150	clean	1	1.412	1.412	0	1	0	1	1788313423.863867	1788313424.029887	178188274	178189810
2026-09-02T01:43:24Z	2a8202573382705a9d423e5818e57d59e774bf3e	5a02941e176b9f49a05c37d8417a76b96b4a65bcf8812221a82d30ffd3ad5061	wakamex	local	0fa4a72ff93c544567760958845ab199808f3017	2264a8042763edf2620cfe32d96b096e1f3d26aa	5.9	2.55.0	1000	150	clean	2	1.539	1.539	0	1	0	1	1788313424.357508	1788313424.523042	178194218	178195379
2026-09-02T01:43:24Z	2a8202573382705a9d423e5818e57d59e774bf3e	5a02941e176b9f49a05c37d8417a76b96b4a65bcf8812221a82d30ffd3ad5061	wakamex	local	0fa4a72ff93c544567760958845ab199808f3017	2264a8042763edf2620cfe32d96b096e1f3d26aa	5.9	2.55.0	1000	150	clean	3	1.477	1.477	0	1	0	1	1788313424.850649	1788313425.015498	178197348	178199136
2026-09-02T01:43:24Z	2a8202573382705a9d423e5818e57d59e774bf3e	5a02941e176b9f49a05c37d8417a76b96b4a65bcf8812221a82d30ffd3ad5061	wakamex	local	0fa4a72ff93c544567760958845ab199808f3017	2264a8042763edf2620cfe32d96b096e1f3d26aa	5.9	2.55.0	1000	150	clean	4	1.223	1.223	0	1	0	1	1788313425.340616	1788313425.505403	178203349	178204663
2026-09-02T01:43:24Z	2a8202573382705a9d423e5818e57d59e774bf3e	5a02941e176b9f49a05c37d8417a76b96b4a65bcf8812221a82d30ffd3ad5061	wakamex	local	0fa4a72ff93c544567760958845ab199808f3017	2264a8042763edf2620cfe32d96b096e1f3d26aa	5.9	2.55.0	1000	150	clean	5	1.318	1.318	0	1	0	1	1788313425.830525	1788313425.995245	178206772	178208226
2026-09-02T01:43:24Z	2a8202573382705a9d423e5818e57d59e774bf3e	5a02941e176b9f49a05c37d8417a76b96b4a65bcf8812221a82d30ffd3ad5061	wakamex	local	0fa4a72ff93c544567760958845ab199808f3017	2264a8042763edf2620cfe32d96b096e1f3d26aa	5.9	2.55.0	1000	150	clean	6	1.537	1.537	0	1	0	1	1788313426.323366	1788313426.489341	178210100	178212040
2026-09-02T01:43:24Z	2a8202573382705a9d423e5818e57d59e774bf3e	5a02941e176b9f49a05c37d8417a76b96b4a65bcf8812221a82d30ffd3ad5061	wakamex	local	0fa4a72ff93c544567760958845ab199808f3017	2264a8042763edf2620cfe32d96b096e1f3d26aa	5.9	2.55.0	1000	150	clean	7	1.361	1.361	0	1	0	1	1788313426.816613	1788313426.982261	178213767	178215970
2026-09-02T01:43:24Z	2a8202573382705a9d423e5818e57d59e774bf3e	5a02941e176b9f49a05c37d8417a76b96b4a65bcf8812221a82d30ffd3ad5061	wakamex	local	0fa4a72ff93c544567760958845ab199808f3017	2264a8042763edf2620cfe32d96b096e1f3d26aa	5.9	2.55.0	1000	150	clean	8	1.539	1.539	0	1	0	1	1788313427.309588	1788313427.476421	178218858	178220300
2026-09-02T01:43:24Z	2a8202573382705a9d423e5818e57d59e774bf3e	5a02941e176b9f49a05c37d8417a76b96b4a65bcf8812221a82d30ffd3ad5061	wakamex	local	0fa4a72ff93c544567760958845ab199808f3017	2264a8042763edf2620cfe32d96b096e1f3d26aa	5.9	2.55.0	1000	150	clean	9	1.552	1.552	0	1	0	1	1788313427.805233	1788313427.970601	178223565	178225251
2026-09-02T01:43:24Z	2a8202573382705a9d423e5818e57d59e774bf3e	5a02941e176b9f49a05c37d8417a76b96b4a65bcf8812221a82d30ffd3ad5061	wakamex	local	0fa4a72ff93c544567760958845ab199808f3017	2264a8042763edf2620cfe32d96b096e1f3d26aa	5.9	2.55.0	1000	150	clean	10	1.446	1.446	0	1	0	1	1788313428.297039	1788313428.462420	178228032	178229093
2026-09-02T01:43:24Z	2a8202573382705a9d423e5818e57d59e774bf3e	5a02941e176b9f49a05c37d8417a76b96b4a65bcf8812221a82d30ffd3ad5061	wakamex	local	0fa4a72ff93c544567760958845ab199808f3017	2264a8042763edf2620cfe32d96b096e1f3d26aa	5.9	2.55.0	1000	150	clean	11	1.322	1.322	0	1	0	1	1788313428.787795	1788313428.952788	178233480	178234021
2026-09-02T01:43:24Z	2a8202573382705a9d423e5818e57d59e774bf3e	5a02941e176b9f49a05c37d8417a76b96b4a65bcf8812221a82d30ffd3ad5061	wakamex	local	0fa4a72ff93c544567760958845ab199808f3017	2264a8042763edf2620cfe32d96b096e1f3d26aa	5.9	2.55.0	1000	150	clean	12	1.432	1.432	0	1	0	1	1788313429.279386	1788313429.444719	178237745	178238912
2026-09-02T01:43:24Z	2a8202573382705a9d423e5818e57d59e774bf3e	5a02941e176b9f49a05c37d8417a76b96b4a65bcf8812221a82d30ffd3ad5061	wakamex	local	0fa4a72ff93c544567760958845ab199808f3017	2264a8042763edf2620cfe32d96b096e1f3d26aa	5.9	2.55.0	1000	150	clean	13	1.594	1.594	0	1	0	1	1788313429.771379	1788313429.937061	178243540	178245086
2026-09-02T01:43:24Z	2a8202573382705a9d423e5818e57d59e774bf3e	5a02941e176b9f49a05c37d8417a76b96b4a65bcf8812221a82d30ffd3ad5061	wakamex	local	0fa4a72ff93c544567760958845ab199808f3017	2264a8042763edf2620cfe32d96b096e1f3d26aa	5.9	2.55.0	1000	150	clean	14	1.333	1.333	0	1	0	1	1788313430.263336	1788313430.428591	178246857	178248100
2026-09-02T01:43:24Z	2a8202573382705a9d423e5818e57d59e774bf3e	5a02941e176b9f49a05c37d8417a76b96b4a65bcf8812221a82d30ffd3ad5061	wakamex	local	0fa4a72ff93c544567760958845ab199808f3017	2264a8042763edf2620cfe32d96b096e1f3d26aa	5.9	2.55.0	1000	150	clean	15	1.469	1.469	0	1	0	1	1788313430.756394	1788313430.922662	178249828	178251315
2026-09-02T01:43:24Z	2a8202573382705a9d423e5818e57d59e774bf3e	5a02941e176b9f49a05c37d8417a76b96b4a65bcf8812221a82d30ffd3ad5061	wakamex	local	0fa4a72ff93c544567760958845ab199808f3017	2264a8042763edf2620cfe32d96b096e1f3d26aa	5.9	2.55.0	1000	150	clean	16	1.663	1.663	0	1	0	1	1788313431.250870	1788313431.416238	178253147	178254625
2026-09-02T01:43:24Z	2a8202573382705a9d423e5818e57d59e774bf3e	5a02941e176b9f49a05c37d8417a76b96b4a65bcf8812221a82d30ffd3ad5061	wakamex	local	0fa4a72ff93c544567760958845ab199808f3017	2264a8042763edf2620cfe32d96b096e1f3d26aa	5.9	2.55.0	1000	150	clean	17	1.513	1.513	0	1	0	1	1788313431.744999	1788313431.910812	178256412	178257512
2026-09-02T01:43:24Z	2a8202573382705a9d423e5818e57d59e774bf3e	5a02941e176b9f49a05c37d8417a76b96b4a65bcf8812221a82d30ffd3ad5061	wakamex	local	0fa4a72ff93c544567760958845ab199808f3017	2264a8042763edf2620cfe32d96b096e1f3d26aa	5.9	2.55.0	1000	150	clean	18	1.449	1.449	0	1	0	1	1788313432.238840	1788313432.404319	178258823	178259637
2026-09-02T01:43:24Z	2a8202573382705a9d423e5818e57d59e774bf3e	5a02941e176b9f49a05c37d8417a76b96b4a65bcf8812221a82d30ffd3ad5061	wakamex	local	0fa4a72ff93c544567760958845ab199808f3017	2264a8042763edf2620cfe32d96b096e1f3d26aa	5.9	2.55.0	1000	150	clean	19	1.450	1.450	0	1	0	1	1788313432.730685	1788313432.896096	178261526	178262263
2026-09-02T01:43:24Z	2a8202573382705a9d423e5818e57d59e774bf3e	5a02941e176b9f49a05c37d8417a76b96b4a65bcf8812221a82d30ffd3ad5061	wakamex	local	0fa4a72ff93c544567760958845ab199808f3017	2264a8042763edf2620cfe32d96b096e1f3d26aa	5.9	2.55.0	1000	150	clean	20	1.894	1.894	0	1	0	1	1788313433.222937	1788313433.388900	178266183	178267327
2026-09-02T01:43:24Z	2a8202573382705a9d423e5818e57d59e774bf3e	5a02941e176b9f49a05c37d8417a76b96b4a65bcf8812221a82d30ffd3ad5061	wakamex	local	0fa4a72ff93c544567760958845ab199808f3017	2264a8042763edf2620cfe32d96b096e1f3d26aa	5.9	2.55.0	1000	150	dirty	1	1.389	7.126	1	1	0	1	1788313433.739111	1788313433.900696	178268759	178269789
2026-09-02T01:43:24Z	2a8202573382705a9d423e5818e57d59e774bf3e	5a02941e176b9f49a05c37d8417a76b96b4a65bcf8812221a82d30ffd3ad5061	wakamex	local	0fa4a72ff93c544567760958845ab199808f3017	2264a8042763edf2620cfe32d96b096e1f3d26aa	5.9	2.55.0	1000	150	dirty	2	2.014	7.703	1	1	0	1	1788313434.230189	1788313434.393374	178272258	178273446
2026-09-02T01:43:24Z	2a8202573382705a9d423e5818e57d59e774bf3e	5a02941e176b9f49a05c37d8417a76b96b4a65bcf8812221a82d30ffd3ad5061	wakamex	local	0fa4a72ff93c544567760958845ab199808f3017	2264a8042763edf2620cfe32d96b096e1f3d26aa	5.9	2.55.0	1000	150	dirty	3	1.535	7.319	1	1	0	1	1788313434.723695	1788313434.885952	178275517	178277932
2026-09-02T01:43:24Z	2a8202573382705a9d423e5818e57d59e774bf3e	5a02941e176b9f49a05c37d8417a76b96b4a65bcf8812221a82d30ffd3ad5061	wakamex	local	0fa4a72ff93c544567760958845ab199808f3017	2264a8042763edf2620cfe32d96b096e1f3d26aa	5.9	2.55.0	1000	150	dirty	4	1.482	6.996	1	1	0	1	1788313435.213559	1788313435.374506	178279922	178282303
2026-09-02T01:43:24Z	2a8202573382705a9d423e5818e57d59e774bf3e	5a02941e176b9f49a05c37d8417a76b96b4a65bcf8812221a82d30ffd3ad5061	wakamex	local	0fa4a72ff93c544567760958845ab199808f3017	2264a8042763edf2620cfe32d96b096e1f3d26aa	5.9	2.55.0	1000	150	dirty	5	1.349	7.221	1	1	0	1	1788313435.702784	1788313435.864437	178284688	178286244
2026-09-02T01:43:24Z	2a8202573382705a9d423e5818e57d59e774bf3e	5a02941e176b9f49a05c37d8417a76b96b4a65bcf8812221a82d30ffd3ad5061	wakamex	local	0fa4a72ff93c544567760958845ab199808f3017	2264a8042763edf2620cfe32d96b096e1f3d26aa	5.9	2.55.0	1000	150	dirty	6	1.258	6.729	1	1	0	1	1788313436.191890	1788313436.352776	178289148	178290025
2026-09-02T01:43:24Z	2a8202573382705a9d423e5818e57d59e774bf3e	5a02941e176b9f49a05c37d8417a76b96b4a65bcf8812221a82d30ffd3ad5061	wakamex	local	0fa4a72ff93c544567760958845ab199808f3017	2264a8042763edf2620cfe32d96b096e1f3d26aa	5.9	2.55.0	1000	150	dirty	7	1.389	7.589	1	1	0	1	1788313436.682525	1788313436.845434	178292256	178293313
2026-09-02T01:43:24Z	2a8202573382705a9d423e5818e57d59e774bf3e	5a02941e176b9f49a05c37d8417a76b96b4a65bcf8812221a82d30ffd3ad5061	wakamex	local	0fa4a72ff93c544567760958845ab199808f3017	2264a8042763edf2620cfe32d96b096e1f3d26aa	5.9	2.55.0	1000	150	dirty	8	1.499	7.017	1	1	0	1	1788313437.178000	1788313437.339745	178296103	178297217
2026-09-02T01:43:24Z	2a8202573382705a9d423e5818e57d59e774bf3e	5a02941e176b9f49a05c37d8417a76b96b4a65bcf8812221a82d30ffd3ad5061	wakamex	local	0fa4a72ff93c544567760958845ab199808f3017	2264a8042763edf2620cfe32d96b096e1f3d26aa	5.9	2.55.0	1000	150	dirty	9	1.476	7.388	1	1	0	1	1788313437.668732	1788313437.831382	178299379	178300013
2026-09-02T01:43:24Z	2a8202573382705a9d423e5818e57d59e774bf3e	5a02941e176b9f49a05c37d8417a76b96b4a65bcf8812221a82d30ffd3ad5061	wakamex	local	0fa4a72ff93c544567760958845ab199808f3017	2264a8042763edf2620cfe32d96b096e1f3d26aa	5.9	2.55.0	1000	150	dirty	10	1.300	6.377	1	1	0	1	1788313438.163134	1788313438.325877	178301370	178302225
2026-09-02T01:43:24Z	2a8202573382705a9d423e5818e57d59e774bf3e	5a02941e176b9f49a05c37d8417a76b96b4a65bcf8812221a82d30ffd3ad5061	wakamex	local	0fa4a72ff93c544567760958845ab199808f3017	2264a8042763edf2620cfe32d96b096e1f3d26aa	5.9	2.55.0	1000	150	dirty	11	1.539	7.008	1	1	0	1	1788313438.656858	1788313438.818588	178303790	178304588
2026-09-02T01:43:24Z	2a8202573382705a9d423e5818e57d59e774bf3e	5a02941e176b9f49a05c37d8417a76b96b4a65bcf8812221a82d30ffd3ad5061	wakamex	local	0fa4a72ff93c544567760958845ab199808f3017	2264a8042763edf2620cfe32d96b096e1f3d26aa	5.9	2.55.0	1000	150	dirty	12	1.440	6.968	1	1	0	1	1788313439.147771	1788313439.309074	178308702	178309917
2026-09-02T01:43:24Z	2a8202573382705a9d423e5818e57d59e774bf3e	5a02941e176b9f49a05c37d8417a76b96b4a65bcf8812221a82d30ffd3ad5061	wakamex	local	0fa4a72ff93c544567760958845ab199808f3017	2264a8042763edf2620cfe32d96b096e1f3d26aa	5.9	2.55.0	1000	150	dirty	13	1.266	6.439	1	1	0	1	1788313439.636585	1788313439.797428	178312388	178313813
2026-09-02T01:43:24Z	2a8202573382705a9d423e5818e57d59e774bf3e	5a02941e176b9f49a05c37d8417a76b96b4a65bcf8812221a82d30ffd3ad5061	wakamex	local	0fa4a72ff93c544567760958845ab199808f3017	2264a8042763edf2620cfe32d96b096e1f3d26aa	5.9	2.55.0	1000	150	dirty	14	1.305	6.535	1	1	0	1	1788313440.126040	1788313440.286914	178316230	178317985
2026-09-02T01:43:24Z	2a8202573382705a9d423e5818e57d59e774bf3e	5a02941e176b9f49a05c37d8417a76b96b4a65bcf8812221a82d30ffd3ad5061	wakamex	local	0fa4a72ff93c544567760958845ab199808f3017	2264a8042763edf2620cfe32d96b096e1f3d26aa	5.9	2.55.0	1000	150	dirty	15	1.403	7.823	1	1	0	1	1788313440.617458	1788313440.780786	178320831	178321476
2026-09-02T01:43:24Z	2a8202573382705a9d423e5818e57d59e774bf3e	5a02941e176b9f49a05c37d8417a76b96b4a65bcf8812221a82d30ffd3ad5061	wakamex	local	0fa4a72ff93c544567760958845ab199808f3017	2264a8042763edf2620cfe32d96b096e1f3d26aa	5.9	2.55.0	1000	150	dirty	16	1.467	7.386	1	1	0	1	1788313441.113396	1788313441.277455	178323189	178324480
2026-09-02T01:43:24Z	2a8202573382705a9d423e5818e57d59e774bf3e	5a02941e176b9f49a05c37d8417a76b96b4a65bcf8812221a82d30ffd3ad5061	wakamex	local	0fa4a72ff93c544567760958845ab199808f3017	2264a8042763edf2620cfe32d96b096e1f3d26aa	5.9	2.55.0	1000	150	dirty	17	1.489	6.873	1	1	0	1	1788313441.608181	1788313441.771062	178327140	178327669
2026-09-02T01:43:24Z	2a8202573382705a9d423e5818e57d59e774bf3e	5a02941e176b9f49a05c37d8417a76b96b4a65bcf8812221a82d30ffd3ad5061	wakamex	local	0fa4a72ff93c544567760958845ab199808f3017	2264a8042763edf2620cfe32d96b096e1f3d26aa	5.9	2.55.0	1000	150	dirty	18	1.961	7.689	1	1	0	1	1788313442.103729	1788313442.267294	178330792	178332180
2026-09-02T01:43:24Z	2a8202573382705a9d423e5818e57d59e774bf3e	5a02941e176b9f49a05c37d8417a76b96b4a65bcf8812221a82d30ffd3ad5061	wakamex	local	0fa4a72ff93c544567760958845ab199808f3017	2264a8042763edf2620cfe32d96b096e1f3d26aa	5.9	2.55.0	1000	150	dirty	19	1.473	6.970	1	1	0	1	1788313442.598902	1788313442.761215	178335365	178337110
2026-09-02T01:43:24Z	2a8202573382705a9d423e5818e57d59e774bf3e	5a02941e176b9f49a05c37d8417a76b96b4a65bcf8812221a82d30ffd3ad5061	wakamex	local	0fa4a72ff93c544567760958845ab199808f3017	2264a8042763edf2620cfe32d96b096e1f3d26aa	5.9	2.55.0	1000	150	dirty	20	1.439	7.315	1	1	0	1	1788313443.094702	1788313443.258214	178340377	178341870
2026-09-02T01:43:24Z	2a8202573382705a9d423e5818e57d59e774bf3e	5a02941e176b9f49a05c37d8417a76b96b4a65bcf8812221a82d30ffd3ad5061	wakamex	local	0fa4a72ff93c544567760958845ab199808f3017	2264a8042763edf2620cfe32d96b096e1f3d26aa	5.9	2.55.0	1000	150	untracked	1	1.650	7.228	1	1	0	1	1788313443.609984	1788313443.771896	178343526	178344567
2026-09-02T01:43:24Z	2a8202573382705a9d423e5818e57d59e774bf3e	5a02941e176b9f49a05c37d8417a76b96b4a65bcf8812221a82d30ffd3ad5061	wakamex	local	0fa4a72ff93c544567760958845ab199808f3017	2264a8042763edf2620cfe32d96b096e1f3d26aa	5.9	2.55.0	1000	150	untracked	2	1.503	7.141	1	1	0	1	1788313444.105684	1788313444.268463	178346326	178347532
2026-09-02T01:43:24Z	2a8202573382705a9d423e5818e57d59e774bf3e	5a02941e176b9f49a05c37d8417a76b96b4a65bcf8812221a82d30ffd3ad5061	wakamex	local	0fa4a72ff93c544567760958845ab199808f3017	2264a8042763edf2620cfe32d96b096e1f3d26aa	5.9	2.55.0	1000	150	untracked	3	1.591	7.847	1	1	0	1	1788313444.603493	1788313444.767919	178349724	178350992
2026-09-02T01:43:24Z	2a8202573382705a9d423e5818e57d59e774bf3e	5a02941e176b9f49a05c37d8417a76b96b4a65bcf8812221a82d30ffd3ad5061	wakamex	local	0fa4a72ff93c544567760958845ab199808f3017	2264a8042763edf2620cfe32d96b096e1f3d26aa	5.9	2.55.0	1000	150	untracked	4	1.416	7.041	1	1	0	1	1788313445.100038	1788313445.261778	178354139	178355810
2026-09-02T01:43:24Z	2a8202573382705a9d423e5818e57d59e774bf3e	5a02941e176b9f49a05c37d8417a76b96b4a65bcf8812221a82d30ffd3ad5061	wakamex	local	0fa4a72ff93c544567760958845ab199808f3017	2264a8042763edf2620cfe32d96b096e1f3d26aa	5.9	2.55.0	1000	150	untracked	5	1.805	8.126	1	1	0	1	1788313445.593514	1788313445.756726	178358223	178359332
2026-09-02T01:43:24Z	2a8202573382705a9d423e5818e57d59e774bf3e	5a02941e176b9f49a05c37d8417a76b96b4a65bcf8812221a82d30ffd3ad5061	wakamex	local	0fa4a72ff93c544567760958845ab199808f3017	2264a8042763edf2620cfe32d96b096e1f3d26aa	5.9	2.55.0	1000	150	untracked	6	1.575	7.060	1	1	0	1	1788313446.088571	1788313446.250226	178362655	178364022
2026-09-02T01:43:24Z	2a8202573382705a9d423e5818e57d59e774bf3e	5a02941e176b9f49a05c37d8417a76b96b4a65bcf8812221a82d30ffd3ad5061	wakamex	local	0fa4a72ff93c544567760958845ab199808f3017	2264a8042763edf2620cfe32d96b096e1f3d26aa	5.9	2.55.0	1000	150	untracked	7	1.491	6.847	1	1	0	1	1788313446.581950	1788313446.744687	178368352	178369743
2026-09-02T01:43:24Z	2a8202573382705a9d423e5818e57d59e774bf3e	5a02941e176b9f49a05c37d8417a76b96b4a65bcf8812221a82d30ffd3ad5061	wakamex	local	0fa4a72ff93c544567760958845ab199808f3017	2264a8042763edf2620cfe32d96b096e1f3d26aa	5.9	2.55.0	1000	150	untracked	8	1.435	7.531	1	1	0	1	1788313447.080240	1788313447.243514	178371775	178373855
2026-09-02T01:43:24Z	2a8202573382705a9d423e5818e57d59e774bf3e	5a02941e176b9f49a05c37d8417a76b96b4a65bcf8812221a82d30ffd3ad5061	wakamex	local	0fa4a72ff93c544567760958845ab199808f3017	2264a8042763edf2620cfe32d96b096e1f3d26aa	5.9	2.55.0	1000	150	untracked	9	1.388	7.555	1	1	0	1	1788313447.577291	1788313447.739861	178375638	178377608
2026-09-02T01:43:24Z	2a8202573382705a9d423e5818e57d59e774bf3e	5a02941e176b9f49a05c37d8417a76b96b4a65bcf8812221a82d30ffd3ad5061	wakamex	local	0fa4a72ff93c544567760958845ab199808f3017	2264a8042763edf2620cfe32d96b096e1f3d26aa	5.9	2.55.0	1000	150	untracked	10	1.631	6.905	1	1	0	1	1788313448.071488	1788313448.233927	178380483	178382505
2026-09-02T01:43:24Z	2a8202573382705a9d423e5818e57d59e774bf3e	5a02941e176b9f49a05c37d8417a76b96b4a65bcf8812221a82d30ffd3ad5061	wakamex	local	0fa4a72ff93c544567760958845ab199808f3017	2264a8042763edf2620cfe32d96b096e1f3d26aa	5.9	2.55.0	1000	150	untracked	11	1.467	6.832	1	1	0	1	1788313448.566890	1788313448.728424	178385813	178387429
2026-09-02T01:43:24Z	2a8202573382705a9d423e5818e57d59e774bf3e	5a02941e176b9f49a05c37d8417a76b96b4a65bcf8812221a82d30ffd3ad5061	wakamex	local	0fa4a72ff93c544567760958845ab199808f3017	2264a8042763edf2620cfe32d96b096e1f3d26aa	5.9	2.55.0	1000	150	untracked	12	1.421	6.968	1	1	0	1	1788313449.059924	1788313449.221542	178389218	178391595
2026-09-02T01:43:24Z	2a8202573382705a9d423e5818e57d59e774bf3e	5a02941e176b9f49a05c37d8417a76b96b4a65bcf8812221a82d30ffd3ad5061	wakamex	local	0fa4a72ff93c544567760958845ab199808f3017	2264a8042763edf2620cfe32d96b096e1f3d26aa	5.9	2.55.0	1000	150	untracked	13	1.527	6.948	1	1	0	1	1788313449.557365	1788313449.720923	178394023	178395441
2026-09-02T01:43:24Z	2a8202573382705a9d423e5818e57d59e774bf3e	5a02941e176b9f49a05c37d8417a76b96b4a65bcf8812221a82d30ffd3ad5061	wakamex	local	0fa4a72ff93c544567760958845ab199808f3017	2264a8042763edf2620cfe32d96b096e1f3d26aa	5.9	2.55.0	1000	150	untracked	14	1.587	7.385	1	1	0	1	1788313450.054991	1788313450.218938	178398234	178399102
2026-09-02T01:43:24Z	2a8202573382705a9d423e5818e57d59e774bf3e	5a02941e176b9f49a05c37d8417a76b96b4a65bcf8812221a82d30ffd3ad5061	wakamex	local	0fa4a72ff93c544567760958845ab199808f3017	2264a8042763edf2620cfe32d96b096e1f3d26aa	5.9	2.55.0	1000	150	untracked	15	1.423	6.676	1	1	0	1	1788313450.554053	1788313450.716528	178401960	178402721
2026-09-02T01:43:24Z	2a8202573382705a9d423e5818e57d59e774bf3e	5a02941e176b9f49a05c37d8417a76b96b4a65bcf8812221a82d30ffd3ad5061	wakamex	local	0fa4a72ff93c544567760958845ab199808f3017	2264a8042763edf2620cfe32d96b096e1f3d26aa	5.9	2.55.0	1000	150	untracked	16	1.561	7.003	1	1	0	1	1788313451.052289	1788313451.214214	178405629	178406835
2026-09-02T01:43:24Z	2a8202573382705a9d423e5818e57d59e774bf3e	5a02941e176b9f49a05c37d8417a76b96b4a65bcf8812221a82d30ffd3ad5061	wakamex	local	0fa4a72ff93c544567760958845ab199808f3017	2264a8042763edf2620cfe32d96b096e1f3d26aa	5.9	2.55.0	1000	150	untracked	17	1.460	6.753	1	1	0	1	1788313451.549000	1788313451.710410	178409191	178410870
2026-09-02T01:43:24Z	2a8202573382705a9d423e5818e57d59e774bf3e	5a02941e176b9f49a05c37d8417a76b96b4a65bcf8812221a82d30ffd3ad5061	wakamex	local	0fa4a72ff93c544567760958845ab199808f3017	2264a8042763edf2620cfe32d96b096e1f3d26aa	5.9	2.55.0	1000	150	untracked	18	1.400	7.107	1	1	0	1	1788313452.044834	1788313452.208642	178412695	178414117
2026-09-02T01:43:24Z	2a8202573382705a9d423e5818e57d59e774bf3e	5a02941e176b9f49a05c37d8417a76b96b4a65bcf8812221a82d30ffd3ad5061	wakamex	local	0fa4a72ff93c544567760958845ab199808f3017	2264a8042763edf2620cfe32d96b096e1f3d26aa	5.9	2.55.0	1000	150	untracked	19	1.731	6.777	1	1	0	1	1788313452.543956	1788313452.707615	178416758	178418115
2026-09-02T01:43:24Z	2a8202573382705a9d423e5818e57d59e774bf3e	5a02941e176b9f49a05c37d8417a76b96b4a65bcf8812221a82d30ffd3ad5061	wakamex	local	0fa4a72ff93c544567760958845ab199808f3017	2264a8042763edf2620cfe32d96b096e1f3d26aa	5.9	2.55.0	1000	150	untracked	20	1.513	7.988	1	1	0	1	1788313453.042925	1788313453.207907	178421166	178422789
2026-09-02T01:43:24Z	2a8202573382705a9d423e5818e57d59e774bf3e	5a02941e176b9f49a05c37d8417a76b96b4a65bcf8812221a82d30ffd3ad5061	robbyrussell	omz	2264a8042763edf2620cfe32d96b096e1f3d26aa	2264a8042763edf2620cfe32d96b096e1f3d26aa	5.9	2.55.0	1000	150	clean	1	6.260	29.566	1	5	0	1	1788313454.853592	1788313455.039578	178432951	178434724
2026-09-02T01:43:24Z	2a8202573382705a9d423e5818e57d59e774bf3e	5a02941e176b9f49a05c37d8417a76b96b4a65bcf8812221a82d30ffd3ad5061	robbyrussell	omz	2264a8042763edf2620cfe32d96b096e1f3d26aa	2264a8042763edf2620cfe32d96b096e1f3d26aa	5.9	2.55.0	1000	150	clean	2	5.783	27.992	1	5	0	1	1788313455.418541	1788313455.604911	178436728	178439159
2026-09-02T01:43:24Z	2a8202573382705a9d423e5818e57d59e774bf3e	5a02941e176b9f49a05c37d8417a76b96b4a65bcf8812221a82d30ffd3ad5061	robbyrussell	omz	2264a8042763edf2620cfe32d96b096e1f3d26aa	2264a8042763edf2620cfe32d96b096e1f3d26aa	5.9	2.55.0	1000	150	clean	3	6.338	29.894	1	5	0	1	1788313455.984480	1788313456.170895	178441917	178444595
2026-09-02T01:43:24Z	2a8202573382705a9d423e5818e57d59e774bf3e	5a02941e176b9f49a05c37d8417a76b96b4a65bcf8812221a82d30ffd3ad5061	robbyrussell	omz	2264a8042763edf2620cfe32d96b096e1f3d26aa	2264a8042763edf2620cfe32d96b096e1f3d26aa	5.9	2.55.0	1000	150	clean	4	6.151	28.449	1	5	0	1	1788313456.546260	1788313456.731730	178448017	178449064
2026-09-02T01:43:24Z	2a8202573382705a9d423e5818e57d59e774bf3e	5a02941e176b9f49a05c37d8417a76b96b4a65bcf8812221a82d30ffd3ad5061	robbyrussell	omz	2264a8042763edf2620cfe32d96b096e1f3d26aa	2264a8042763edf2620cfe32d96b096e1f3d26aa	5.9	2.55.0	1000	150	clean	5	6.224	28.582	1	5	0	1	1788313457.109938	1788313457.295601	178451125	178452969
2026-09-02T01:43:24Z	2a8202573382705a9d423e5818e57d59e774bf3e	5a02941e176b9f49a05c37d8417a76b96b4a65bcf8812221a82d30ffd3ad5061	robbyrussell	omz	2264a8042763edf2620cfe32d96b096e1f3d26aa	2264a8042763edf2620cfe32d96b096e1f3d26aa	5.9	2.55.0	1000	150	clean	6	6.686	29.611	1	5	0	1	1788313457.673381	1788313457.861807	178455534	178456482
2026-09-02T01:43:24Z	2a8202573382705a9d423e5818e57d59e774bf3e	5a02941e176b9f49a05c37d8417a76b96b4a65bcf8812221a82d30ffd3ad5061	robbyrussell	omz	2264a8042763edf2620cfe32d96b096e1f3d26aa	2264a8042763edf2620cfe32d96b096e1f3d26aa	5.9	2.55.0	1000	150	clean	7	6.339	29.382	1	5	0	1	1788313458.241275	1788313458.429725	178459281	178460752
2026-09-02T01:43:24Z	2a8202573382705a9d423e5818e57d59e774bf3e	5a02941e176b9f49a05c37d8417a76b96b4a65bcf8812221a82d30ffd3ad5061	robbyrussell	omz	2264a8042763edf2620cfe32d96b096e1f3d26aa	2264a8042763edf2620cfe32d96b096e1f3d26aa	5.9	2.55.0	1000	150	clean	8	6.736	28.105	1	5	0	1	1788313458.809187	1788313458.994629	178464314	178465011
2026-09-02T01:43:24Z	2a8202573382705a9d423e5818e57d59e774bf3e	5a02941e176b9f49a05c37d8417a76b96b4a65bcf8812221a82d30ffd3ad5061	robbyrussell	omz	2264a8042763edf2620cfe32d96b096e1f3d26aa	2264a8042763edf2620cfe32d96b096e1f3d26aa	5.9	2.55.0	1000	150	clean	9	6.285	28.289	1	5	0	1	1788313459.373348	1788313459.561630	178466713	178467740
2026-09-02T01:43:24Z	2a8202573382705a9d423e5818e57d59e774bf3e	5a02941e176b9f49a05c37d8417a76b96b4a65bcf8812221a82d30ffd3ad5061	robbyrussell	omz	2264a8042763edf2620cfe32d96b096e1f3d26aa	2264a8042763edf2620cfe32d96b096e1f3d26aa	5.9	2.55.0	1000	150	clean	10	6.088	27.805	1	5	0	1	1788313459.941358	1788313460.128776	178471026	178472633
2026-09-02T01:43:24Z	2a8202573382705a9d423e5818e57d59e774bf3e	5a02941e176b9f49a05c37d8417a76b96b4a65bcf8812221a82d30ffd3ad5061	robbyrussell	omz	2264a8042763edf2620cfe32d96b096e1f3d26aa	2264a8042763edf2620cfe32d96b096e1f3d26aa	5.9	2.55.0	1000	150	clean	11	6.162	28.267	1	5	0	1	1788313460.510897	1788313460.697636	178475824	178477115
2026-09-02T01:43:24Z	2a8202573382705a9d423e5818e57d59e774bf3e	5a02941e176b9f49a05c37d8417a76b96b4a65bcf8812221a82d30ffd3ad5061	robbyrussell	omz	2264a8042763edf2620cfe32d96b096e1f3d26aa	2264a8042763edf2620cfe32d96b096e1f3d26aa	5.9	2.55.0	1000	150	clean	12	5.977	27.402	1	5	0	1	1788313461.075857	1788313461.261353	178481427	178482178
2026-09-02T01:43:24Z	2a8202573382705a9d423e5818e57d59e774bf3e	5a02941e176b9f49a05c37d8417a76b96b4a65bcf8812221a82d30ffd3ad5061	robbyrussell	omz	2264a8042763edf2620cfe32d96b096e1f3d26aa	2264a8042763edf2620cfe32d96b096e1f3d26aa	5.9	2.55.0	1000	150	clean	13	5.993	28.053	1	5	0	1	1788313461.644580	1788313461.832796	178483933	178485242
2026-09-02T01:43:24Z	2a8202573382705a9d423e5818e57d59e774bf3e	5a02941e176b9f49a05c37d8417a76b96b4a65bcf8812221a82d30ffd3ad5061	robbyrussell	omz	2264a8042763edf2620cfe32d96b096e1f3d26aa	2264a8042763edf2620cfe32d96b096e1f3d26aa	5.9	2.55.0	1000	150	clean	14	6.358	28.838	1	5	0	1	1788313462.217860	1788313462.407106	178488328	178489521
2026-09-02T01:43:24Z	2a8202573382705a9d423e5818e57d59e774bf3e	5a02941e176b9f49a05c37d8417a76b96b4a65bcf8812221a82d30ffd3ad5061	robbyrussell	omz	2264a8042763edf2620cfe32d96b096e1f3d26aa	2264a8042763edf2620cfe32d96b096e1f3d26aa	5.9	2.55.0	1000	150	clean	15	6.102	28.925	1	5	0	1	1788313462.792548	1788313462.979954	178491643	178492533
2026-09-02T01:43:24Z	2a8202573382705a9d423e5818e57d59e774bf3e	5a02941e176b9f49a05c37d8417a76b96b4a65bcf8812221a82d30ffd3ad5061	robbyrussell	omz	2264a8042763edf2620cfe32d96b096e1f3d26aa	2264a8042763edf2620cfe32d96b096e1f3d26aa	5.9	2.55.0	1000	150	clean	16	6.746	29.727	1	5	0	1	1788313463.365739	1788313463.555922	178494103	178494978
2026-09-02T01:43:24Z	2a8202573382705a9d423e5818e57d59e774bf3e	5a02941e176b9f49a05c37d8417a76b96b4a65bcf8812221a82d30ffd3ad5061	robbyrussell	omz	2264a8042763edf2620cfe32d96b096e1f3d26aa	2264a8042763edf2620cfe32d96b096e1f3d26aa	5.9	2.55.0	1000	150	clean	17	6.646	28.490	1	5	0	1	1788313463.941258	1788313464.130325	178497188	178499228
2026-09-02T01:43:24Z	2a8202573382705a9d423e5818e57d59e774bf3e	5a02941e176b9f49a05c37d8417a76b96b4a65bcf8812221a82d30ffd3ad5061	robbyrussell	omz	2264a8042763edf2620cfe32d96b096e1f3d26aa	2264a8042763edf2620cfe32d96b096e1f3d26aa	5.9	2.55.0	1000	150	clean	18	6.496	28.995	1	5	0	1	1788313464.514628	1788313464.702420	178502613	178504232
2026-09-02T01:43:24Z	2a8202573382705a9d423e5818e57d59e774bf3e	5a02941e176b9f49a05c37d8417a76b96b4a65bcf8812221a82d30ffd3ad5061	robbyrussell	omz	2264a8042763edf2620cfe32d96b096e1f3d26aa	2264a8042763edf2620cfe32d96b096e1f3d26aa	5.9	2.55.0	1000	150	clean	19	7.723	30.354	1	5	0	1	1788313465.084558	1788313465.266065	178506719	178507668
2026-09-02T01:43:24Z	2a8202573382705a9d423e5818e57d59e774bf3e	5a02941e176b9f49a05c37d8417a76b96b4a65bcf8812221a82d30ffd3ad5061	robbyrussell	omz	2264a8042763edf2620cfe32d96b096e1f3d26aa	2264a8042763edf2620cfe32d96b096e1f3d26aa	5.9	2.55.0	1000	150	clean	20	6.248	28.346	1	5	0	1	1788313465.642967	1788313465.832510	178510600	178513662
2026-09-02T01:43:24Z	2a8202573382705a9d423e5818e57d59e774bf3e	5a02941e176b9f49a05c37d8417a76b96b4a65bcf8812221a82d30ffd3ad5061	robbyrussell	omz	2264a8042763edf2620cfe32d96b096e1f3d26aa	2264a8042763edf2620cfe32d96b096e1f3d26aa	5.9	2.55.0	1000	150	dirty	1	7.366	31.609	1	5	0	1	1788313466.232528	1788313466.422769	178516722	178518830
2026-09-02T01:43:24Z	2a8202573382705a9d423e5818e57d59e774bf3e	5a02941e176b9f49a05c37d8417a76b96b4a65bcf8812221a82d30ffd3ad5061	robbyrussell	omz	2264a8042763edf2620cfe32d96b096e1f3d26aa	2264a8042763edf2620cfe32d96b096e1f3d26aa	5.9	2.55.0	1000	150	dirty	2	6.737	28.481	1	5	0	1	1788313466.798075	1788313466.978060	178521824	178523172
2026-09-02T01:43:24Z	2a8202573382705a9d423e5818e57d59e774bf3e	5a02941e176b9f49a05c37d8417a76b96b4a65bcf8812221a82d30ffd3ad5061	robbyrussell	omz	2264a8042763edf2620cfe32d96b096e1f3d26aa	2264a8042763edf2620cfe32d96b096e1f3d26aa	5.9	2.55.0	1000	150	dirty	3	6.555	30.102	1	5	0	1	1788313467.345400	1788313467.535669	178526502	178528317
2026-09-02T01:43:24Z	2a8202573382705a9d423e5818e57d59e774bf3e	5a02941e176b9f49a05c37d8417a76b96b4a65bcf8812221a82d30ffd3ad5061	robbyrussell	omz	2264a8042763edf2620cfe32d96b096e1f3d26aa	2264a8042763edf2620cfe32d96b096e1f3d26aa	5.9	2.55.0	1000	150	dirty	4	6.456	28.435	1	5	0	1	1788313467.920886	1788313468.109456	178532663	178534274
2026-09-02T01:43:24Z	2a8202573382705a9d423e5818e57d59e774bf3e	5a02941e176b9f49a05c37d8417a76b96b4a65bcf8812221a82d30ffd3ad5061	robbyrussell	omz	2264a8042763edf2620cfe32d96b096e1f3d26aa	2264a8042763edf2620cfe32d96b096e1f3d26aa	5.9	2.55.0	1000	150	dirty	5	6.055	28.507	1	5	0	1	1788313468.495488	1788313468.684360	178536578	178538719
2026-09-02T01:43:24Z	2a8202573382705a9d423e5818e57d59e774bf3e	5a02941e176b9f49a05c37d8417a76b96b4a65bcf8812221a82d30ffd3ad5061	robbyrussell	omz	2264a8042763edf2620cfe32d96b096e1f3d26aa	2264a8042763edf2620cfe32d96b096e1f3d26aa	5.9	2.55.0	1000	150	dirty	6	6.180	29.059	1	5	0	1	1788313469.051813	1788313469.233792	178543138	178544674
2026-09-02T01:43:24Z	2a8202573382705a9d423e5818e57d59e774bf3e	5a02941e176b9f49a05c37d8417a76b96b4a65bcf8812221a82d30ffd3ad5061	robbyrussell	omz	2264a8042763edf2620cfe32d96b096e1f3d26aa	2264a8042763edf2620cfe32d96b096e1f3d26aa	5.9	2.55.0	1000	150	dirty	7	6.505	28.882	1	5	0	1	1788313469.602600	1788313469.782449	178547349	178548699
2026-09-02T01:43:24Z	2a8202573382705a9d423e5818e57d59e774bf3e	5a02941e176b9f49a05c37d8417a76b96b4a65bcf8812221a82d30ffd3ad5061	robbyrussell	omz	2264a8042763edf2620cfe32d96b096e1f3d26aa	2264a8042763edf2620cfe32d96b096e1f3d26aa	5.9	2.55.0	1000	150	dirty	8	6.552	29.305	1	5	0	1	1788313470.150309	1788313470.339789	178550990	178553726
2026-09-02T01:43:24Z	2a8202573382705a9d423e5818e57d59e774bf3e	5a02941e176b9f49a05c37d8417a76b96b4a65bcf8812221a82d30ffd3ad5061	robbyrussell	omz	2264a8042763edf2620cfe32d96b096e1f3d26aa	2264a8042763edf2620cfe32d96b096e1f3d26aa	5.9	2.55.0	1000	150	dirty	9	6.639	29.989	1	5	0	1	1788313470.710287	1788313470.900855	178557509	178559884
2026-09-02T01:43:24Z	2a8202573382705a9d423e5818e57d59e774bf3e	5a02941e176b9f49a05c37d8417a76b96b4a65bcf8812221a82d30ffd3ad5061	robbyrussell	omz	2264a8042763edf2620cfe32d96b096e1f3d26aa	2264a8042763edf2620cfe32d96b096e1f3d26aa	5.9	2.55.0	1000	150	dirty	10	6.584	29.263	1	5	0	1	1788313471.277244	1788313471.467649	178563818	178565499
2026-09-02T01:43:24Z	2a8202573382705a9d423e5818e57d59e774bf3e	5a02941e176b9f49a05c37d8417a76b96b4a65bcf8812221a82d30ffd3ad5061	robbyrussell	omz	2264a8042763edf2620cfe32d96b096e1f3d26aa	2264a8042763edf2620cfe32d96b096e1f3d26aa	5.9	2.55.0	1000	150	dirty	11	6.789	28.286	1	5	0	1	1788313471.836824	1788313472.026824	178568239	178570022
2026-09-02T01:43:24Z	2a8202573382705a9d423e5818e57d59e774bf3e	5a02941e176b9f49a05c37d8417a76b96b4a65bcf8812221a82d30ffd3ad5061	robbyrussell	omz	2264a8042763edf2620cfe32d96b096e1f3d26aa	2264a8042763edf2620cfe32d96b096e1f3d26aa	5.9	2.55.0	1000	150	dirty	12	7.231	29.329	1	5	0	1	1788313472.403716	1788313472.594121	178572581	178573760
2026-09-02T01:43:24Z	2a8202573382705a9d423e5818e57d59e774bf3e	5a02941e176b9f49a05c37d8417a76b96b4a65bcf8812221a82d30ffd3ad5061	robbyrussell	omz	2264a8042763edf2620cfe32d96b096e1f3d26aa	2264a8042763edf2620cfe32d96b096e1f3d26aa	5.9	2.55.0	1000	150	dirty	13	6.354	29.179	1	5	0	1	1788313472.975913	1788313473.159056	178576189	178577153
2026-09-02T01:43:24Z	2a8202573382705a9d423e5818e57d59e774bf3e	5a02941e176b9f49a05c37d8417a76b96b4a65bcf8812221a82d30ffd3ad5061	robbyrussell	omz	2264a8042763edf2620cfe32d96b096e1f3d26aa	2264a8042763edf2620cfe32d96b096e1f3d26aa	5.9	2.55.0	1000	150	dirty	14	6.847	30.487	1	5	0	1	1788313473.539131	1788313473.722951	178579838	178580832
2026-09-02T01:43:24Z	2a8202573382705a9d423e5818e57d59e774bf3e	5a02941e176b9f49a05c37d8417a76b96b4a65bcf8812221a82d30ffd3ad5061	robbyrussell	omz	2264a8042763edf2620cfe32d96b096e1f3d26aa	2264a8042763edf2620cfe32d96b096e1f3d26aa	5.9	2.55.0	1000	150	dirty	15	6.580	29.133	1	5	0	1	1788313474.091745	1788313474.272921	178582852	178583727
2026-09-02T01:43:24Z	2a8202573382705a9d423e5818e57d59e774bf3e	5a02941e176b9f49a05c37d8417a76b96b4a65bcf8812221a82d30ffd3ad5061	robbyrussell	omz	2264a8042763edf2620cfe32d96b096e1f3d26aa	2264a8042763edf2620cfe32d96b096e1f3d26aa	5.9	2.55.0	1000	150	dirty	16	5.924	28.325	1	5	0	1	1788313474.645003	1788313474.824742	178585774	178587130
2026-09-02T01:43:24Z	2a8202573382705a9d423e5818e57d59e774bf3e	5a02941e176b9f49a05c37d8417a76b96b4a65bcf8812221a82d30ffd3ad5061	robbyrussell	omz	2264a8042763edf2620cfe32d96b096e1f3d26aa	2264a8042763edf2620cfe32d96b096e1f3d26aa	5.9	2.55.0	1000	150	dirty	17	6.998	28.414	1	5	0	1	1788313475.197005	1788313475.379519	178589079	178590186
2026-09-02T01:43:24Z	2a8202573382705a9d423e5818e57d59e774bf3e	5a02941e176b9f49a05c37d8417a76b96b4a65bcf8812221a82d30ffd3ad5061	robbyrussell	omz	2264a8042763edf2620cfe32d96b096e1f3d26aa	2264a8042763edf2620cfe32d96b096e1f3d26aa	5.9	2.55.0	1000	150	dirty	18	6.728	29.458	1	5	0	1	1788313475.754868	1788313475.935531	178593836	178596056
2026-09-02T01:43:24Z	2a8202573382705a9d423e5818e57d59e774bf3e	5a02941e176b9f49a05c37d8417a76b96b4a65bcf8812221a82d30ffd3ad5061	robbyrussell	omz	2264a8042763edf2620cfe32d96b096e1f3d26aa	2264a8042763edf2620cfe32d96b096e1f3d26aa	5.9	2.55.0	1000	150	dirty	19	6.554	29.878	1	5	0	1	1788313476.303213	1788313476.484268	178598435	178600360
2026-09-02T01:43:24Z	2a8202573382705a9d423e5818e57d59e774bf3e	5a02941e176b9f49a05c37d8417a76b96b4a65bcf8812221a82d30ffd3ad5061	robbyrussell	omz	2264a8042763edf2620cfe32d96b096e1f3d26aa	2264a8042763edf2620cfe32d96b096e1f3d26aa	5.9	2.55.0	1000	150	dirty	20	6.478	30.056	1	5	0	1	1788313476.856003	1788313477.037782	178602515	178603516
2026-09-02T01:43:24Z	2a8202573382705a9d423e5818e57d59e774bf3e	5a02941e176b9f49a05c37d8417a76b96b4a65bcf8812221a82d30ffd3ad5061	robbyrussell	omz	2264a8042763edf2620cfe32d96b096e1f3d26aa	2264a8042763edf2620cfe32d96b096e1f3d26aa	5.9	2.55.0	1000	150	untracked	1	6.106	28.505	1	5	0	1	1788313477.430070	1788313477.610418	178605704	178607367
2026-09-02T01:43:24Z	2a8202573382705a9d423e5818e57d59e774bf3e	5a02941e176b9f49a05c37d8417a76b96b4a65bcf8812221a82d30ffd3ad5061	robbyrussell	omz	2264a8042763edf2620cfe32d96b096e1f3d26aa	2264a8042763edf2620cfe32d96b096e1f3d26aa	5.9	2.55.0	1000	150	untracked	2	6.647	29.493	1	5	0	1	1788313477.982916	1788313478.164844	178610178	178611201
2026-09-02T01:43:24Z	2a8202573382705a9d423e5818e57d59e774bf3e	5a02941e176b9f49a05c37d8417a76b96b4a65bcf8812221a82d30ffd3ad5061	robbyrussell	omz	2264a8042763edf2620cfe32d96b096e1f3d26aa	2264a8042763edf2620cfe32d96b096e1f3d26aa	5.9	2.55.0	1000	150	untracked	3	6.751	29.735	1	5	0	1	1788313478.537702	1788313478.725423	178614263	178615199
2026-09-02T01:43:24Z	2a8202573382705a9d423e5818e57d59e774bf3e	5a02941e176b9f49a05c37d8417a76b96b4a65bcf8812221a82d30ffd3ad5061	robbyrussell	omz	2264a8042763edf2620cfe32d96b096e1f3d26aa	2264a8042763edf2620cfe32d96b096e1f3d26aa	5.9	2.55.0	1000	150	untracked	4	6.767	28.177	1	5	0	1	1788313479.106447	1788313479.288231	178620588	178621987
2026-09-02T01:43:24Z	2a8202573382705a9d423e5818e57d59e774bf3e	5a02941e176b9f49a05c37d8417a76b96b4a65bcf8812221a82d30ffd3ad5061	robbyrussell	omz	2264a8042763edf2620cfe32d96b096e1f3d26aa	2264a8042763edf2620cfe32d96b096e1f3d26aa	5.9	2.55.0	1000	150	untracked	5	6.811	29.680	1	5	0	1	1788313479.668199	1788313479.850645	178625058	178628173
2026-09-02T01:43:24Z	2a8202573382705a9d423e5818e57d59e774bf3e	5a02941e176b9f49a05c37d8417a76b96b4a65bcf8812221a82d30ffd3ad5061	robbyrussell	omz	2264a8042763edf2620cfe32d96b096e1f3d26aa	2264a8042763edf2620cfe32d96b096e1f3d26aa	5.9	2.55.0	1000	150	untracked	6	7.060	29.834	1	5	0	1	1788313480.231094	1788313480.415574	178630719	178632795
2026-09-02T01:43:24Z	2a8202573382705a9d423e5818e57d59e774bf3e	5a02941e176b9f49a05c37d8417a76b96b4a65bcf8812221a82d30ffd3ad5061	robbyrussell	omz	2264a8042763edf2620cfe32d96b096e1f3d26aa	2264a8042763edf2620cfe32d96b096e1f3d26aa	5.9	2.55.0	1000	150	untracked	7	6.851	28.575	1	5	0	1	1788313480.796679	1788313480.978204	178635356	178636692
2026-09-02T01:43:24Z	2a8202573382705a9d423e5818e57d59e774bf3e	5a02941e176b9f49a05c37d8417a76b96b4a65bcf8812221a82d30ffd3ad5061	robbyrussell	omz	2264a8042763edf2620cfe32d96b096e1f3d26aa	2264a8042763edf2620cfe32d96b096e1f3d26aa	5.9	2.55.0	1000	150	untracked	8	6.970	28.203	1	5	0	1	1788313481.353781	1788313481.536022	178639965	178641324
2026-09-02T01:43:24Z	2a8202573382705a9d423e5818e57d59e774bf3e	5a02941e176b9f49a05c37d8417a76b96b4a65bcf8812221a82d30ffd3ad5061	robbyrussell	omz	2264a8042763edf2620cfe32d96b096e1f3d26aa	2264a8042763edf2620cfe32d96b096e1f3d26aa	5.9	2.55.0	1000	150	untracked	9	6.737	29.139	1	5	0	1	1788313481.915749	1788313482.096946	178645810	178647936
2026-09-02T01:43:24Z	2a8202573382705a9d423e5818e57d59e774bf3e	5a02941e176b9f49a05c37d8417a76b96b4a65bcf8812221a82d30ffd3ad5061	robbyrussell	omz	2264a8042763edf2620cfe32d96b096e1f3d26aa	2264a8042763edf2620cfe32d96b096e1f3d26aa	5.9	2.55.0	1000	150	untracked	10	7.566	30.219	1	5	0	1	1788313482.477366	1788313482.660027	178650630	178652542
2026-09-02T01:43:24Z	2a8202573382705a9d423e5818e57d59e774bf3e	5a02941e176b9f49a05c37d8417a76b96b4a65bcf8812221a82d30ffd3ad5061	robbyrussell	omz	2264a8042763edf2620cfe32d96b096e1f3d26aa	2264a8042763edf2620cfe32d96b096e1f3d26aa	5.9	2.55.0	1000	150	untracked	11	7.440	30.004	1	5	0	1	1788313483.039395	1788313483.223534	178655253	178656448
2026-09-02T01:43:24Z	2a8202573382705a9d423e5818e57d59e774bf3e	5a02941e176b9f49a05c37d8417a76b96b4a65bcf8812221a82d30ffd3ad5061	robbyrussell	omz	2264a8042763edf2620cfe32d96b096e1f3d26aa	2264a8042763edf2620cfe32d96b096e1f3d26aa	5.9	2.55.0	1000	150	untracked	12	6.772	29.316	1	5	0	1	1788313483.601032	1788313483.784907	178660087	178661858
2026-09-02T01:43:24Z	2a8202573382705a9d423e5818e57d59e774bf3e	5a02941e176b9f49a05c37d8417a76b96b4a65bcf8812221a82d30ffd3ad5061	robbyrussell	omz	2264a8042763edf2620cfe32d96b096e1f3d26aa	2264a8042763edf2620cfe32d96b096e1f3d26aa	5.9	2.55.0	1000	150	untracked	13	6.438	30.330	1	5	0	1	1788313484.162234	1788313484.350160	178664654	178665393
2026-09-02T01:43:24Z	2a8202573382705a9d423e5818e57d59e774bf3e	5a02941e176b9f49a05c37d8417a76b96b4a65bcf8812221a82d30ffd3ad5061	robbyrussell	omz	2264a8042763edf2620cfe32d96b096e1f3d26aa	2264a8042763edf2620cfe32d96b096e1f3d26aa	5.9	2.55.0	1000	150	untracked	14	6.865	31.618	1	5	0	1	1788313484.734317	1788313484.922226	178668089	178670162
2026-09-02T01:43:24Z	2a8202573382705a9d423e5818e57d59e774bf3e	5a02941e176b9f49a05c37d8417a76b96b4a65bcf8812221a82d30ffd3ad5061	robbyrussell	omz	2264a8042763edf2620cfe32d96b096e1f3d26aa	2264a8042763edf2620cfe32d96b096e1f3d26aa	5.9	2.55.0	1000	150	untracked	15	6.943	31.302	1	5	0	1	1788313485.303238	1788313485.490746	178673336	178676534
2026-09-02T01:43:24Z	2a8202573382705a9d423e5818e57d59e774bf3e	5a02941e176b9f49a05c37d8417a76b96b4a65bcf8812221a82d30ffd3ad5061	robbyrussell	omz	2264a8042763edf2620cfe32d96b096e1f3d26aa	2264a8042763edf2620cfe32d96b096e1f3d26aa	5.9	2.55.0	1000	150	untracked	16	7.058	30.357	1	5	0	1	1788313485.874645	1788313486.061886	178678860	178680516
2026-09-02T01:43:24Z	2a8202573382705a9d423e5818e57d59e774bf3e	5a02941e176b9f49a05c37d8417a76b96b4a65bcf8812221a82d30ffd3ad5061	robbyrussell	omz	2264a8042763edf2620cfe32d96b096e1f3d26aa	2264a8042763edf2620cfe32d96b096e1f3d26aa	5.9	2.55.0	1000	150	untracked	17	6.883	30.082	1	5	0	1	1788313486.449064	1788313486.636209	178684815	178686852
2026-09-02T01:43:24Z	2a8202573382705a9d423e5818e57d59e774bf3e	5a02941e176b9f49a05c37d8417a76b96b4a65bcf8812221a82d30ffd3ad5061	robbyrussell	omz	2264a8042763edf2620cfe32d96b096e1f3d26aa	2264a8042763edf2620cfe32d96b096e1f3d26aa	5.9	2.55.0	1000	150	untracked	18	7.118	29.512	1	5	0	1	1788313487.021472	1788313487.209003	178689227	178690606
2026-09-02T01:43:24Z	2a8202573382705a9d423e5818e57d59e774bf3e	5a02941e176b9f49a05c37d8417a76b96b4a65bcf8812221a82d30ffd3ad5061	robbyrussell	omz	2264a8042763edf2620cfe32d96b096e1f3d26aa	2264a8042763edf2620cfe32d96b096e1f3d26aa	5.9	2.55.0	1000	150	untracked	19	7.054	29.808	1	5	0	1	1788313487.590634	1788313487.775827	178692689	178693999
2026-09-02T01:43:24Z	2a8202573382705a9d423e5818e57d59e774bf3e	5a02941e176b9f49a05c37d8417a76b96b4a65bcf8812221a82d30ffd3ad5061	robbyrussell	omz	2264a8042763edf2620cfe32d96b096e1f3d26aa	2264a8042763edf2620cfe32d96b096e1f3d26aa	5.9	2.55.0	1000	150	untracked	20	6.828	29.823	1	5	0	1	1788313488.166154	1788313488.351129	178696007	178697361
2026-09-02T01:43:24Z	2a8202573382705a9d423e5818e57d59e774bf3e	5a02941e176b9f49a05c37d8417a76b96b4a65bcf8812221a82d30ffd3ad5061	agnoster	omz	2264a8042763edf2620cfe32d96b096e1f3d26aa	2264a8042763edf2620cfe32d96b096e1f3d26aa	5.9	2.55.0	1000	150	clean	1	79.854	79.854	0	16	14	1	1788313490.253541	1788313490.490989	178709919	178711521
2026-09-02T01:43:24Z	2a8202573382705a9d423e5818e57d59e774bf3e	5a02941e176b9f49a05c37d8417a76b96b4a65bcf8812221a82d30ffd3ad5061	agnoster	omz	2264a8042763edf2620cfe32d96b096e1f3d26aa	2264a8042763edf2620cfe32d96b096e1f3d26aa	5.9	2.55.0	1000	150	clean	2	79.879	79.879	0	16	14	1	1788313491.060676	1788313491.293086	178714670	178718611
2026-09-02T01:43:24Z	2a8202573382705a9d423e5818e57d59e774bf3e	5a02941e176b9f49a05c37d8417a76b96b4a65bcf8812221a82d30ffd3ad5061	agnoster	omz	2264a8042763edf2620cfe32d96b096e1f3d26aa	2264a8042763edf2620cfe32d96b096e1f3d26aa	5.9	2.55.0	1000	150	clean	3	83.154	83.154	0	16	14	1	1788313491.855619	1788313492.102205	178722887	178724841
2026-09-02T01:43:24Z	2a8202573382705a9d423e5818e57d59e774bf3e	5a02941e176b9f49a05c37d8417a76b96b4a65bcf8812221a82d30ffd3ad5061	agnoster	omz	2264a8042763edf2620cfe32d96b096e1f3d26aa	2264a8042763edf2620cfe32d96b096e1f3d26aa	5.9	2.55.0	1000	150	clean	4	80.587	80.587	0	16	14	1	1788313492.655058	1788313492.898259	178729139	178731135
2026-09-02T01:43:24Z	2a8202573382705a9d423e5818e57d59e774bf3e	5a02941e176b9f49a05c37d8417a76b96b4a65bcf8812221a82d30ffd3ad5061	agnoster	omz	2264a8042763edf2620cfe32d96b096e1f3d26aa	2264a8042763edf2620cfe32d96b096e1f3d26aa	5.9	2.55.0	1000	150	clean	5	82.433	82.433	0	16	14	1	1788313493.466985	1788313493.711000	178735515	178737367
2026-09-02T01:43:24Z	2a8202573382705a9d423e5818e57d59e774bf3e	5a02941e176b9f49a05c37d8417a76b96b4a65bcf8812221a82d30ffd3ad5061	agnoster	omz	2264a8042763edf2620cfe32d96b096e1f3d26aa	2264a8042763edf2620cfe32d96b096e1f3d26aa	5.9	2.55.0	1000	150	clean	6	83.413	83.413	0	16	14	1	1788313494.278664	1788313494.524245	178741530	178743353
2026-09-02T01:43:24Z	2a8202573382705a9d423e5818e57d59e774bf3e	5a02941e176b9f49a05c37d8417a76b96b4a65bcf8812221a82d30ffd3ad5061	agnoster	omz	2264a8042763edf2620cfe32d96b096e1f3d26aa	2264a8042763edf2620cfe32d96b096e1f3d26aa	5.9	2.55.0	1000	150	clean	7	91.357	91.357	0	16	14	1	1788313495.111075	1788313495.357259	178750048	178751777
2026-09-02T01:43:24Z	2a8202573382705a9d423e5818e57d59e774bf3e	5a02941e176b9f49a05c37d8417a76b96b4a65bcf8812221a82d30ffd3ad5061	agnoster	omz	2264a8042763edf2620cfe32d96b096e1f3d26aa	2264a8042763edf2620cfe32d96b096e1f3d26aa	5.9	2.55.0	1000	150	clean	8	86.266	86.266	0	16	14	1	1788313495.923120	1788313496.171279	178756265	178758612
2026-09-02T01:43:24Z	2a8202573382705a9d423e5818e57d59e774bf3e	5a02941e176b9f49a05c37d8417a76b96b4a65bcf8812221a82d30ffd3ad5061	agnoster	omz	2264a8042763edf2620cfe32d96b096e1f3d26aa	2264a8042763edf2620cfe32d96b096e1f3d26aa	5.9	2.55.0	1000	150	clean	9	80.867	80.867	0	16	14	1	1788313496.728035	1788313496.972471	178763191	178764575
2026-09-02T01:43:24Z	2a8202573382705a9d423e5818e57d59e774bf3e	5a02941e176b9f49a05c37d8417a76b96b4a65bcf8812221a82d30ffd3ad5061	agnoster	omz	2264a8042763edf2620cfe32d96b096e1f3d26aa	2264a8042763edf2620cfe32d96b096e1f3d26aa	5.9	2.55.0	1000	150	clean	10	81.991	81.991	0	16	14	1	1788313497.533342	1788313497.770823	178769803	178772051
2026-09-02T01:43:24Z	2a8202573382705a9d423e5818e57d59e774bf3e	5a02941e176b9f49a05c37d8417a76b96b4a65bcf8812221a82d30ffd3ad5061	agnoster	omz	2264a8042763edf2620cfe32d96b096e1f3d26aa	2264a8042763edf2620cfe32d96b096e1f3d26aa	5.9	2.55.0	1000	150	clean	11	80.943	80.943	0	16	14	1	1788313498.334153	1788313498.569560	178779179	178781341
2026-09-02T01:43:24Z	2a8202573382705a9d423e5818e57d59e774bf3e	5a02941e176b9f49a05c37d8417a76b96b4a65bcf8812221a82d30ffd3ad5061	agnoster	omz	2264a8042763edf2620cfe32d96b096e1f3d26aa	2264a8042763edf2620cfe32d96b096e1f3d26aa	5.9	2.55.0	1000	150	clean	12	80.393	80.393	0	16	14	1	1788313499.132295	1788313499.367900	178787323	178788982
2026-09-02T01:43:24Z	2a8202573382705a9d423e5818e57d59e774bf3e	5a02941e176b9f49a05c37d8417a76b96b4a65bcf8812221a82d30ffd3ad5061	agnoster	omz	2264a8042763edf2620cfe32d96b096e1f3d26aa	2264a8042763edf2620cfe32d96b096e1f3d26aa	5.9	2.55.0	1000	150	clean	13	80.114	80.114	0	16	14	1	1788313499.929995	1788313500.166832	178794479	178796237
2026-09-02T01:43:24Z	2a8202573382705a9d423e5818e57d59e774bf3e	5a02941e176b9f49a05c37d8417a76b96b4a65bcf8812221a82d30ffd3ad5061	agnoster	omz	2264a8042763edf2620cfe32d96b096e1f3d26aa	2264a8042763edf2620cfe32d96b096e1f3d26aa	5.9	2.55.0	1000	150	clean	14	82.426	82.426	0	16	14	1	1788313500.732199	1788313500.972808	178799786	178802744
2026-09-02T01:43:24Z	2a8202573382705a9d423e5818e57d59e774bf3e	5a02941e176b9f49a05c37d8417a76b96b4a65bcf8812221a82d30ffd3ad5061	agnoster	omz	2264a8042763edf2620cfe32d96b096e1f3d26aa	2264a8042763edf2620cfe32d96b096e1f3d26aa	5.9	2.55.0	1000	150	clean	15	84.415	84.415	0	16	14	1	1788313501.539364	1788313501.778359	178807804	178809841
2026-09-02T01:43:24Z	2a8202573382705a9d423e5818e57d59e774bf3e	5a02941e176b9f49a05c37d8417a76b96b4a65bcf8812221a82d30ffd3ad5061	agnoster	omz	2264a8042763edf2620cfe32d96b096e1f3d26aa	2264a8042763edf2620cfe32d96b096e1f3d26aa	5.9	2.55.0	1000	150	clean	16	80.531	80.531	0	16	14	1	1788313502.354503	1788313502.597536	178814461	178817301
2026-09-02T01:43:24Z	2a8202573382705a9d423e5818e57d59e774bf3e	5a02941e176b9f49a05c37d8417a76b96b4a65bcf8812221a82d30ffd3ad5061	agnoster	omz	2264a8042763edf2620cfe32d96b096e1f3d26aa	2264a8042763edf2620cfe32d96b096e1f3d26aa	5.9	2.55.0	1000	150	clean	17	82.325	82.325	0	16	14	1	1788313503.171916	1788313503.414065	178821237	178824351
2026-09-02T01:43:24Z	2a8202573382705a9d423e5818e57d59e774bf3e	5a02941e176b9f49a05c37d8417a76b96b4a65bcf8812221a82d30ffd3ad5061	agnoster	omz	2264a8042763edf2620cfe32d96b096e1f3d26aa	2264a8042763edf2620cfe32d96b096e1f3d26aa	5.9	2.55.0	1000	150	clean	18	81.906	81.906	0	16	14	1	1788313503.996590	1788313504.238941	178828597	178832528
2026-09-02T01:43:24Z	2a8202573382705a9d423e5818e57d59e774bf3e	5a02941e176b9f49a05c37d8417a76b96b4a65bcf8812221a82d30ffd3ad5061	agnoster	omz	2264a8042763edf2620cfe32d96b096e1f3d26aa	2264a8042763edf2620cfe32d96b096e1f3d26aa	5.9	2.55.0	1000	150	clean	19	82.571	82.571	0	16	14	1	1788313504.812151	1788313505.055233	178835799	178837841
2026-09-02T01:43:24Z	2a8202573382705a9d423e5818e57d59e774bf3e	5a02941e176b9f49a05c37d8417a76b96b4a65bcf8812221a82d30ffd3ad5061	agnoster	omz	2264a8042763edf2620cfe32d96b096e1f3d26aa	2264a8042763edf2620cfe32d96b096e1f3d26aa	5.9	2.55.0	1000	150	clean	20	80.248	80.248	0	16	14	1	1788313505.625770	1788313505.864310	178842181	178843424
2026-09-02T01:43:24Z	2a8202573382705a9d423e5818e57d59e774bf3e	5a02941e176b9f49a05c37d8417a76b96b4a65bcf8812221a82d30ffd3ad5061	agnoster	omz	2264a8042763edf2620cfe32d96b096e1f3d26aa	2264a8042763edf2620cfe32d96b096e1f3d26aa	5.9	2.55.0	1000	150	dirty	1	80.143	80.143	0	16	14	1	1788313506.448613	1788313506.687864	178846877	178848088
2026-09-02T01:43:24Z	2a8202573382705a9d423e5818e57d59e774bf3e	5a02941e176b9f49a05c37d8417a76b96b4a65bcf8812221a82d30ffd3ad5061	agnoster	omz	2264a8042763edf2620cfe32d96b096e1f3d26aa	2264a8042763edf2620cfe32d96b096e1f3d26aa	5.9	2.55.0	1000	150	dirty	2	84.596	84.596	0	16	14	1	1788313507.262738	1788313507.504416	178853195	178854316
2026-09-02T01:43:24Z	2a8202573382705a9d423e5818e57d59e774bf3e	5a02941e176b9f49a05c37d8417a76b96b4a65bcf8812221a82d30ffd3ad5061	agnoster	omz	2264a8042763edf2620cfe32d96b096e1f3d26aa	2264a8042763edf2620cfe32d96b096e1f3d26aa	5.9	2.55.0	1000	150	dirty	3	80.475	80.475	0	16	14	1	1788313508.080274	1788313508.319988	178857471	178859230
2026-09-02T01:43:24Z	2a8202573382705a9d423e5818e57d59e774bf3e	5a02941e176b9f49a05c37d8417a76b96b4a65bcf8812221a82d30ffd3ad5061	agnoster	omz	2264a8042763edf2620cfe32d96b096e1f3d26aa	2264a8042763edf2620cfe32d96b096e1f3d26aa	5.9	2.55.0	1000	150	dirty	4	81.712	81.712	0	16	14	1	1788313508.890375	1788313509.131352	178862632	178864604
2026-09-02T01:43:24Z	2a8202573382705a9d423e5818e57d59e774bf3e	5a02941e176b9f49a05c37d8417a76b96b4a65bcf8812221a82d30ffd3ad5061	agnoster	omz	2264a8042763edf2620cfe32d96b096e1f3d26aa	2264a8042763edf2620cfe32d96b096e1f3d26aa	5.9	2.55.0	1000	150	dirty	5	82.671	82.671	0	16	14	1	1788313509.705399	1788313509.951921	178868899	178871500
2026-09-02T01:43:24Z	2a8202573382705a9d423e5818e57d59e774bf3e	5a02941e176b9f49a05c37d8417a76b96b4a65bcf8812221a82d30ffd3ad5061	agnoster	omz	2264a8042763edf2620cfe32d96b096e1f3d26aa	2264a8042763edf2620cfe32d96b096e1f3d26aa	5.9	2.55.0	1000	150	dirty	6	80.601	80.601	0	16	14	1	1788313510.521608	1788313510.755120	178874538	178876113
2026-09-02T01:43:24Z	2a8202573382705a9d423e5818e57d59e774bf3e	5a02941e176b9f49a05c37d8417a76b96b4a65bcf8812221a82d30ffd3ad5061	agnoster	omz	2264a8042763edf2620cfe32d96b096e1f3d26aa	2264a8042763edf2620cfe32d96b096e1f3d26aa	5.9	2.55.0	1000	150	dirty	7	82.388	82.388	0	16	14	1	1788313511.327667	1788313511.573941	178880118	178881714
2026-09-02T01:43:24Z	2a8202573382705a9d423e5818e57d59e774bf3e	5a02941e176b9f49a05c37d8417a76b96b4a65bcf8812221a82d30ffd3ad5061	agnoster	omz	2264a8042763edf2620cfe32d96b096e1f3d26aa	2264a8042763edf2620cfe32d96b096e1f3d26aa	5.9	2.55.0	1000	150	dirty	8	82.574	82.574	0	16	14	1	1788313512.133123	1788313512.380006	178887018	178888477
2026-09-02T01:43:24Z	2a8202573382705a9d423e5818e57d59e774bf3e	5a02941e176b9f49a05c37d8417a76b96b4a65bcf8812221a82d30ffd3ad5061	agnoster	omz	2264a8042763edf2620cfe32d96b096e1f3d26aa	2264a8042763edf2620cfe32d96b096e1f3d26aa	5.9	2.55.0	1000	150	dirty	9	83.059	83.059	0	16	14	1	1788313512.955618	1788313513.191886	178892369	178894142
2026-09-02T01:43:24Z	2a8202573382705a9d423e5818e57d59e774bf3e	5a02941e176b9f49a05c37d8417a76b96b4a65bcf8812221a82d30ffd3ad5061	agnoster	omz	2264a8042763edf2620cfe32d96b096e1f3d26aa	2264a8042763edf2620cfe32d96b096e1f3d26aa	5.9	2.55.0	1000	150	dirty	10	82.054	82.054	0	16	14	1	1788313513.772974	1788313514.020057	178898439	178900749
2026-09-02T01:43:24Z	2a8202573382705a9d423e5818e57d59e774bf3e	5a02941e176b9f49a05c37d8417a76b96b4a65bcf8812221a82d30ffd3ad5061	agnoster	omz	2264a8042763edf2620cfe32d96b096e1f3d26aa	2264a8042763edf2620cfe32d96b096e1f3d26aa	5.9	2.55.0	1000	150	dirty	11	81.931	81.931	0	16	14	1	1788313514.606004	1788313514.842687	178903878	178905339
2026-09-02T01:43:24Z	2a8202573382705a9d423e5818e57d59e774bf3e	5a02941e176b9f49a05c37d8417a76b96b4a65bcf8812221a82d30ffd3ad5061	agnoster	omz	2264a8042763edf2620cfe32d96b096e1f3d26aa	2264a8042763edf2620cfe32d96b096e1f3d26aa	5.9	2.55.0	1000	150	dirty	12	80.978	80.978	0	16	14	1	1788313515.423913	1788313515.664267	178908642	178910698
2026-09-02T01:43:24Z	2a8202573382705a9d423e5818e57d59e774bf3e	5a02941e176b9f49a05c37d8417a76b96b4a65bcf8812221a82d30ffd3ad5061	agnoster	omz	2264a8042763edf2620cfe32d96b096e1f3d26aa	2264a8042763edf2620cfe32d96b096e1f3d26aa	5.9	2.55.0	1000	150	dirty	13	80.638	80.638	0	16	14	1	1788313516.244869	1788313516.481756	178915973	178919489
2026-09-02T01:43:24Z	2a8202573382705a9d423e5818e57d59e774bf3e	5a02941e176b9f49a05c37d8417a76b96b4a65bcf8812221a82d30ffd3ad5061	agnoster	omz	2264a8042763edf2620cfe32d96b096e1f3d26aa	2264a8042763edf2620cfe32d96b096e1f3d26aa	5.9	2.55.0	1000	150	dirty	14	84.176	84.176	0	16	14	1	1788313517.051834	1788313517.291278	178922898	178924392
2026-09-02T01:43:24Z	2a8202573382705a9d423e5818e57d59e774bf3e	5a02941e176b9f49a05c37d8417a76b96b4a65bcf8812221a82d30ffd3ad5061	agnoster	omz	2264a8042763edf2620cfe32d96b096e1f3d26aa	2264a8042763edf2620cfe32d96b096e1f3d26aa	5.9	2.55.0	1000	150	dirty	15	84.010	84.010	0	16	14	1	1788313517.861175	1788313518.098991	178928058	178929480
2026-09-02T01:43:24Z	2a8202573382705a9d423e5818e57d59e774bf3e	5a02941e176b9f49a05c37d8417a76b96b4a65bcf8812221a82d30ffd3ad5061	agnoster	omz	2264a8042763edf2620cfe32d96b096e1f3d26aa	2264a8042763edf2620cfe32d96b096e1f3d26aa	5.9	2.55.0	1000	150	dirty	16	83.692	83.692	0	16	14	1	1788313518.671800	1788313518.919557	178933505	178935510
2026-09-02T01:43:24Z	2a8202573382705a9d423e5818e57d59e774bf3e	5a02941e176b9f49a05c37d8417a76b96b4a65bcf8812221a82d30ffd3ad5061	agnoster	omz	2264a8042763edf2620cfe32d96b096e1f3d26aa	2264a8042763edf2620cfe32d96b096e1f3d26aa	5.9	2.55.0	1000	150	dirty	17	79.968	79.968	0	16	14	1	1788313519.508374	1788313519.744519	178940122	178942071
2026-09-02T01:43:24Z	2a8202573382705a9d423e5818e57d59e774bf3e	5a02941e176b9f49a05c37d8417a76b96b4a65bcf8812221a82d30ffd3ad5061	agnoster	omz	2264a8042763edf2620cfe32d96b096e1f3d26aa	2264a8042763edf2620cfe32d96b096e1f3d26aa	5.9	2.55.0	1000	150	dirty	18	81.269	81.269	0	16	14	1	1788313520.324692	1788313520.565188	178946564	178948981
2026-09-02T01:43:24Z	2a8202573382705a9d423e5818e57d59e774bf3e	5a02941e176b9f49a05c37d8417a76b96b4a65bcf8812221a82d30ffd3ad5061	agnoster	omz	2264a8042763edf2620cfe32d96b096e1f3d26aa	2264a8042763edf2620cfe32d96b096e1f3d26aa	5.9	2.55.0	1000	150	dirty	19	82.323	82.323	0	16	14	1	1788313521.142948	1788313521.386511	178952686	178954704
2026-09-02T01:43:24Z	2a8202573382705a9d423e5818e57d59e774bf3e	5a02941e176b9f49a05c37d8417a76b96b4a65bcf8812221a82d30ffd3ad5061	agnoster	omz	2264a8042763edf2620cfe32d96b096e1f3d26aa	2264a8042763edf2620cfe32d96b096e1f3d26aa	5.9	2.55.0	1000	150	dirty	20	80.549	80.549	0	16	14	1	1788313521.969766	1788313522.208936	178957504	178959689
2026-09-02T01:43:24Z	2a8202573382705a9d423e5818e57d59e774bf3e	5a02941e176b9f49a05c37d8417a76b96b4a65bcf8812221a82d30ffd3ad5061	agnoster	omz	2264a8042763edf2620cfe32d96b096e1f3d26aa	2264a8042763edf2620cfe32d96b096e1f3d26aa	5.9	2.55.0	1000	150	untracked	1	81.594	81.594	0	16	14	1	1788313522.808448	1788313523.054627	178963502	178964760
2026-09-02T01:43:24Z	2a8202573382705a9d423e5818e57d59e774bf3e	5a02941e176b9f49a05c37d8417a76b96b4a65bcf8812221a82d30ffd3ad5061	agnoster	omz	2264a8042763edf2620cfe32d96b096e1f3d26aa	2264a8042763edf2620cfe32d96b096e1f3d26aa	5.9	2.55.0	1000	150	untracked	2	86.154	86.154	0	16	14	1	1788313523.635688	1788313523.879125	178967733	178969900
2026-09-02T01:43:24Z	2a8202573382705a9d423e5818e57d59e774bf3e	5a02941e176b9f49a05c37d8417a76b96b4a65bcf8812221a82d30ffd3ad5061	agnoster	omz	2264a8042763edf2620cfe32d96b096e1f3d26aa	2264a8042763edf2620cfe32d96b096e1f3d26aa	5.9	2.55.0	1000	150	untracked	3	85.177	85.177	0	16	14	1	1788313524.463480	1788313524.707113	178973980	178975561
2026-09-02T01:43:24Z	2a8202573382705a9d423e5818e57d59e774bf3e	5a02941e176b9f49a05c37d8417a76b96b4a65bcf8812221a82d30ffd3ad5061	agnoster	omz	2264a8042763edf2620cfe32d96b096e1f3d26aa	2264a8042763edf2620cfe32d96b096e1f3d26aa	5.9	2.55.0	1000	150	untracked	4	81.376	81.376	0	16	14	1	1788313525.293807	1788313525.537741	178979171	178980526
2026-09-02T01:43:24Z	2a8202573382705a9d423e5818e57d59e774bf3e	5a02941e176b9f49a05c37d8417a76b96b4a65bcf8812221a82d30ffd3ad5061	agnoster	omz	2264a8042763edf2620cfe32d96b096e1f3d26aa	2264a8042763edf2620cfe32d96b096e1f3d26aa	5.9	2.55.0	1000	150	untracked	5	83.456	83.456	0	16	14	1	1788313526.115609	1788313526.359389	178984284	178986648
2026-09-02T01:43:24Z	2a8202573382705a9d423e5818e57d59e774bf3e	5a02941e176b9f49a05c37d8417a76b96b4a65bcf8812221a82d30ffd3ad5061	agnoster	omz	2264a8042763edf2620cfe32d96b096e1f3d26aa	2264a8042763edf2620cfe32d96b096e1f3d26aa	5.9	2.55.0	1000	150	untracked	6	83.726	83.726	0	16	14	1	1788313526.952790	1788313527.196020	178989917	178992037
2026-09-02T01:43:24Z	2a8202573382705a9d423e5818e57d59e774bf3e	5a02941e176b9f49a05c37d8417a76b96b4a65bcf8812221a82d30ffd3ad5061	agnoster	omz	2264a8042763edf2620cfe32d96b096e1f3d26aa	2264a8042763edf2620cfe32d96b096e1f3d26aa	5.9	2.55.0	1000	150	untracked	7	86.876	86.876	0	16	14	1	1788313527.776852	1788313528.028076	178995374	178997007
2026-09-02T01:43:24Z	2a8202573382705a9d423e5818e57d59e774bf3e	5a02941e176b9f49a05c37d8417a76b96b4a65bcf8812221a82d30ffd3ad5061	agnoster	omz	2264a8042763edf2620cfe32d96b096e1f3d26aa	2264a8042763edf2620cfe32d96b096e1f3d26aa	5.9	2.55.0	1000	150	untracked	8	83.678	83.678	0	16	14	1	1788313528.618711	1788313528.860998	179000746	179002832
2026-09-02T01:43:24Z	2a8202573382705a9d423e5818e57d59e774bf3e	5a02941e176b9f49a05c37d8417a76b96b4a65bcf8812221a82d30ffd3ad5061	agnoster	omz	2264a8042763edf2620cfe32d96b096e1f3d26aa	2264a8042763edf2620cfe32d96b096e1f3d26aa	5.9	2.55.0	1000	150	untracked	9	81.703	81.703	0	16	14	1	1788313529.442050	1788313529.686977	179006019	179007010
2026-09-02T01:43:24Z	2a8202573382705a9d423e5818e57d59e774bf3e	5a02941e176b9f49a05c37d8417a76b96b4a65bcf8812221a82d30ffd3ad5061	agnoster	omz	2264a8042763edf2620cfe32d96b096e1f3d26aa	2264a8042763edf2620cfe32d96b096e1f3d26aa	5.9	2.55.0	1000	150	untracked	10	82.656	82.656	0	16	14	1	1788313530.287503	1788313530.531473	179010969	179012469
2026-09-02T01:43:24Z	2a8202573382705a9d423e5818e57d59e774bf3e	5a02941e176b9f49a05c37d8417a76b96b4a65bcf8812221a82d30ffd3ad5061	agnoster	omz	2264a8042763edf2620cfe32d96b096e1f3d26aa	2264a8042763edf2620cfe32d96b096e1f3d26aa	5.9	2.55.0	1000	150	untracked	11	81.249	81.249	0	16	14	1	1788313531.108473	1788313531.353365	179016148	179018054
2026-09-02T01:43:24Z	2a8202573382705a9d423e5818e57d59e774bf3e	5a02941e176b9f49a05c37d8417a76b96b4a65bcf8812221a82d30ffd3ad5061	agnoster	omz	2264a8042763edf2620cfe32d96b096e1f3d26aa	2264a8042763edf2620cfe32d96b096e1f3d26aa	5.9	2.55.0	1000	150	untracked	12	84.469	84.469	0	16	14	1	1788313531.941810	1788313532.185406	179021055	179023150
2026-09-02T01:43:24Z	2a8202573382705a9d423e5818e57d59e774bf3e	5a02941e176b9f49a05c37d8417a76b96b4a65bcf8812221a82d30ffd3ad5061	agnoster	omz	2264a8042763edf2620cfe32d96b096e1f3d26aa	2264a8042763edf2620cfe32d96b096e1f3d26aa	5.9	2.55.0	1000	150	untracked	13	84.784	84.784	0	16	14	1	1788313532.773226	1788313533.018371	179027608	179029577
2026-09-02T01:43:24Z	2a8202573382705a9d423e5818e57d59e774bf3e	5a02941e176b9f49a05c37d8417a76b96b4a65bcf8812221a82d30ffd3ad5061	agnoster	omz	2264a8042763edf2620cfe32d96b096e1f3d26aa	2264a8042763edf2620cfe32d96b096e1f3d26aa	5.9	2.55.0	1000	150	untracked	14	82.820	82.820	0	16	14	1	1788313533.600485	1788313533.849477	179032485	179033715
2026-09-02T01:43:24Z	2a8202573382705a9d423e5818e57d59e774bf3e	5a02941e176b9f49a05c37d8417a76b96b4a65bcf8812221a82d30ffd3ad5061	agnoster	omz	2264a8042763edf2620cfe32d96b096e1f3d26aa	2264a8042763edf2620cfe32d96b096e1f3d26aa	5.9	2.55.0	1000	150	untracked	15	82.363	82.363	0	16	14	1	1788313534.434581	1788313534.672335	179038217	179039493
2026-09-02T01:43:24Z	2a8202573382705a9d423e5818e57d59e774bf3e	5a02941e176b9f49a05c37d8417a76b96b4a65bcf8812221a82d30ffd3ad5061	agnoster	omz	2264a8042763edf2620cfe32d96b096e1f3d26aa	2264a8042763edf2620cfe32d96b096e1f3d26aa	5.9	2.55.0	1000	150	untracked	16	87.011	87.011	0	16	14	1	1788313535.260764	1788313535.502353	179043758	179045128
2026-09-02T01:43:24Z	2a8202573382705a9d423e5818e57d59e774bf3e	5a02941e176b9f49a05c37d8417a76b96b4a65bcf8812221a82d30ffd3ad5061	agnoster	omz	2264a8042763edf2620cfe32d96b096e1f3d26aa	2264a8042763edf2620cfe32d96b096e1f3d26aa	5.9	2.55.0	1000	150	untracked	17	81.854	81.854	0	16	14	1	1788313536.084896	1788313536.332713	179048392	179050561
2026-09-02T01:43:24Z	2a8202573382705a9d423e5818e57d59e774bf3e	5a02941e176b9f49a05c37d8417a76b96b4a65bcf8812221a82d30ffd3ad5061	agnoster	omz	2264a8042763edf2620cfe32d96b096e1f3d26aa	2264a8042763edf2620cfe32d96b096e1f3d26aa	5.9	2.55.0	1000	150	untracked	18	81.629	81.629	0	16	14	1	1788313536.925773	1788313537.170805	179053945	179055511
2026-09-02T01:43:24Z	2a8202573382705a9d423e5818e57d59e774bf3e	5a02941e176b9f49a05c37d8417a76b96b4a65bcf8812221a82d30ffd3ad5061	agnoster	omz	2264a8042763edf2620cfe32d96b096e1f3d26aa	2264a8042763edf2620cfe32d96b096e1f3d26aa	5.9	2.55.0	1000	150	untracked	19	83.394	83.394	0	16	14	1	1788313537.753529	1788313538.000794	179059606	179060948
2026-09-02T01:43:24Z	2a8202573382705a9d423e5818e57d59e774bf3e	5a02941e176b9f49a05c37d8417a76b96b4a65bcf8812221a82d30ffd3ad5061	agnoster	omz	2264a8042763edf2620cfe32d96b096e1f3d26aa	2264a8042763edf2620cfe32d96b096e1f3d26aa	5.9	2.55.0	1000	150	untracked	20	82.523	82.523	0	16	14	1	1788313538.595148	1788313538.837871	179064807	179066815
2026-09-02T01:43:24Z	2a8202573382705a9d423e5818e57d59e774bf3e	5a02941e176b9f49a05c37d8417a76b96b4a65bcf8812221a82d30ffd3ad5061	bureau	omz	2264a8042763edf2620cfe32d96b096e1f3d26aa	2264a8042763edf2620cfe32d96b096e1f3d26aa	5.9	2.55.0	1000	150	clean	1	35.905	35.905	0	5	5	1	1788313541.213554	1788313541.404591	179080632	179082141
2026-09-02T01:43:24Z	2a8202573382705a9d423e5818e57d59e774bf3e	5a02941e176b9f49a05c37d8417a76b96b4a65bcf8812221a82d30ffd3ad5061	bureau	omz	2264a8042763edf2620cfe32d96b096e1f3d26aa	2264a8042763edf2620cfe32d96b096e1f3d26aa	5.9	2.55.0	1000	150	clean	2	33.539	33.539	0	5	5	1	1788313541.844997	1788313542.034012	179084302	179085535
2026-09-02T01:43:24Z	2a8202573382705a9d423e5818e57d59e774bf3e	5a02941e176b9f49a05c37d8417a76b96b4a65bcf8812221a82d30ffd3ad5061	bureau	omz	2264a8042763edf2620cfe32d96b096e1f3d26aa	2264a8042763edf2620cfe32d96b096e1f3d26aa	5.9	2.55.0	1000	150	clean	3	36.526	36.526	0	5	5	1	1788313542.475822	1788313542.676618	179087803	179089711
2026-09-02T01:43:24Z	2a8202573382705a9d423e5818e57d59e774bf3e	5a02941e176b9f49a05c37d8417a76b96b4a65bcf8812221a82d30ffd3ad5061	bureau	omz	2264a8042763edf2620cfe32d96b096e1f3d26aa	2264a8042763edf2620cfe32d96b096e1f3d26aa	5.9	2.55.0	1000	150	clean	4	39.219	39.219	0	5	5	1	1788313543.115125	1788313543.320760	179091455	179092282
2026-09-02T01:43:24Z	2a8202573382705a9d423e5818e57d59e774bf3e	5a02941e176b9f49a05c37d8417a76b96b4a65bcf8812221a82d30ffd3ad5061	bureau	omz	2264a8042763edf2620cfe32d96b096e1f3d26aa	2264a8042763edf2620cfe32d96b096e1f3d26aa	5.9	2.55.0	1000	150	clean	5	34.830	34.830	0	5	5	1	1788313543.763021	1788313543.955306	179097087	179098114
2026-09-02T01:43:24Z	2a8202573382705a9d423e5818e57d59e774bf3e	5a02941e176b9f49a05c37d8417a76b96b4a65bcf8812221a82d30ffd3ad5061	bureau	omz	2264a8042763edf2620cfe32d96b096e1f3d26aa	2264a8042763edf2620cfe32d96b096e1f3d26aa	5.9	2.55.0	1000	150	clean	6	36.590	36.590	0	5	5	1	1788313544.393592	1788313544.597248	179100934	179101928
2026-09-02T01:43:24Z	2a8202573382705a9d423e5818e57d59e774bf3e	5a02941e176b9f49a05c37d8417a76b96b4a65bcf8812221a82d30ffd3ad5061	bureau	omz	2264a8042763edf2620cfe32d96b096e1f3d26aa	2264a8042763edf2620cfe32d96b096e1f3d26aa	5.9	2.55.0	1000	150	clean	7	32.436	32.436	0	5	5	1	1788313545.050588	1788313545.238117	179104368	179105416
2026-09-02T01:43:24Z	2a8202573382705a9d423e5818e57d59e774bf3e	5a02941e176b9f49a05c37d8417a76b96b4a65bcf8812221a82d30ffd3ad5061	bureau	omz	2264a8042763edf2620cfe32d96b096e1f3d26aa	2264a8042763edf2620cfe32d96b096e1f3d26aa	5.9	2.55.0	1000	150	clean	8	33.744	33.744	0	5	5	1	1788313545.690681	1788313545.882687	179109939	179112087
2026-09-02T01:43:24Z	2a8202573382705a9d423e5818e57d59e774bf3e	5a02941e176b9f49a05c37d8417a76b96b4a65bcf8812221a82d30ffd3ad5061	bureau	omz	2264a8042763edf2620cfe32d96b096e1f3d26aa	2264a8042763edf2620cfe32d96b096e1f3d26aa	5.9	2.55.0	1000	150	clean	9	37.562	37.562	0	5	5	1	1788313546.315584	1788313546.515374	179115236	179118172
2026-09-02T01:43:24Z	2a8202573382705a9d423e5818e57d59e774bf3e	5a02941e176b9f49a05c37d8417a76b96b4a65bcf8812221a82d30ffd3ad5061	bureau	omz	2264a8042763edf2620cfe32d96b096e1f3d26aa	2264a8042763edf2620cfe32d96b096e1f3d26aa	5.9	2.55.0	1000	150	clean	10	37.171	37.171	0	5	5	1	1788313546.963065	1788313547.159977	179121215	179123387
2026-09-02T01:43:24Z	2a8202573382705a9d423e5818e57d59e774bf3e	5a02941e176b9f49a05c37d8417a76b96b4a65bcf8812221a82d30ffd3ad5061	bureau	omz	2264a8042763edf2620cfe32d96b096e1f3d26aa	2264a8042763edf2620cfe32d96b096e1f3d26aa	5.9	2.55.0	1000	150	clean	11	34.571	34.571	0	5	5	1	1788313547.593469	1788313547.784363	179125872	179128143
2026-09-02T01:43:24Z	2a8202573382705a9d423e5818e57d59e774bf3e	5a02941e176b9f49a05c37d8417a76b96b4a65bcf8812221a82d30ffd3ad5061	bureau	omz	2264a8042763edf2620cfe32d96b096e1f3d26aa	2264a8042763edf2620cfe32d96b096e1f3d26aa	5.9	2.55.0	1000	150	clean	12	34.566	34.566	0	5	5	1	1788313548.225853	1788313548.419569	179132264	179134003
2026-09-02T01:43:24Z	2a8202573382705a9d423e5818e57d59e774bf3e	5a02941e176b9f49a05c37d8417a76b96b4a65bcf8812221a82d30ffd3ad5061	bureau	omz	2264a8042763edf2620cfe32d96b096e1f3d26aa	2264a8042763edf2620cfe32d96b096e1f3d26aa	5.9	2.55.0	1000	150	clean	13	35.362	35.362	0	5	5	1	1788313548.849498	1788313549.039581	179136096	179137473
2026-09-02T01:43:24Z	2a8202573382705a9d423e5818e57d59e774bf3e	5a02941e176b9f49a05c37d8417a76b96b4a65bcf8812221a82d30ffd3ad5061	bureau	omz	2264a8042763edf2620cfe32d96b096e1f3d26aa	2264a8042763edf2620cfe32d96b096e1f3d26aa	5.9	2.55.0	1000	150	clean	14	33.928	33.928	0	5	5	1	1788313549.466916	1788313549.657263	179139707	179140912
2026-09-02T01:43:24Z	2a8202573382705a9d423e5818e57d59e774bf3e	5a02941e176b9f49a05c37d8417a76b96b4a65bcf8812221a82d30ffd3ad5061	bureau	omz	2264a8042763edf2620cfe32d96b096e1f3d26aa	2264a8042763edf2620cfe32d96b096e1f3d26aa	5.9	2.55.0	1000	150	clean	15	34.354	34.354	0	5	5	1	1788313550.102286	1788313550.291275	179144470	179145908
2026-09-02T01:43:24Z	2a8202573382705a9d423e5818e57d59e774bf3e	5a02941e176b9f49a05c37d8417a76b96b4a65bcf8812221a82d30ffd3ad5061	bureau	omz	2264a8042763edf2620cfe32d96b096e1f3d26aa	2264a8042763edf2620cfe32d96b096e1f3d26aa	5.9	2.55.0	1000	150	clean	16	35.076	35.076	0	5	5	1	1788313550.747582	1788313550.939502	179148559	179150006
2026-09-02T01:43:24Z	2a8202573382705a9d423e5818e57d59e774bf3e	5a02941e176b9f49a05c37d8417a76b96b4a65bcf8812221a82d30ffd3ad5061	bureau	omz	2264a8042763edf2620cfe32d96b096e1f3d26aa	2264a8042763edf2620cfe32d96b096e1f3d26aa	5.9	2.55.0	1000	150	clean	17	34.183	34.183	0	5	5	1	1788313551.395697	1788313551.586343	179152841	179154059
2026-09-02T01:43:24Z	2a8202573382705a9d423e5818e57d59e774bf3e	5a02941e176b9f49a05c37d8417a76b96b4a65bcf8812221a82d30ffd3ad5061	bureau	omz	2264a8042763edf2620cfe32d96b096e1f3d26aa	2264a8042763edf2620cfe32d96b096e1f3d26aa	5.9	2.55.0	1000	150	clean	18	34.272	34.272	0	5	5	1	1788313552.013419	1788313552.204907	179156226	179158169
2026-09-02T01:43:24Z	2a8202573382705a9d423e5818e57d59e774bf3e	5a02941e176b9f49a05c37d8417a76b96b4a65bcf8812221a82d30ffd3ad5061	bureau	omz	2264a8042763edf2620cfe32d96b096e1f3d26aa	2264a8042763edf2620cfe32d96b096e1f3d26aa	5.9	2.55.0	1000	150	clean	19	35.602	35.602	0	5	5	1	1788313552.656797	1788313552.849276	179160780	179163058
2026-09-02T01:43:24Z	2a8202573382705a9d423e5818e57d59e774bf3e	5a02941e176b9f49a05c37d8417a76b96b4a65bcf8812221a82d30ffd3ad5061	bureau	omz	2264a8042763edf2620cfe32d96b096e1f3d26aa	2264a8042763edf2620cfe32d96b096e1f3d26aa	5.9	2.55.0	1000	150	clean	20	33.350	33.350	0	5	5	1	1788313553.297537	1788313553.487463	179167205	179168213
2026-09-02T01:43:24Z	2a8202573382705a9d423e5818e57d59e774bf3e	5a02941e176b9f49a05c37d8417a76b96b4a65bcf8812221a82d30ffd3ad5061	bureau	omz	2264a8042763edf2620cfe32d96b096e1f3d26aa	2264a8042763edf2620cfe32d96b096e1f3d26aa	5.9	2.55.0	1000	150	dirty	1	34.322	34.322	0	5	5	1	1788313553.947169	1788313554.146236	179170614	179172390
2026-09-02T01:43:24Z	2a8202573382705a9d423e5818e57d59e774bf3e	5a02941e176b9f49a05c37d8417a76b96b4a65bcf8812221a82d30ffd3ad5061	bureau	omz	2264a8042763edf2620cfe32d96b096e1f3d26aa	2264a8042763edf2620cfe32d96b096e1f3d26aa	5.9	2.55.0	1000	150	dirty	2	36.116	36.116	0	5	5	1	1788313554.584468	1788313554.776868	179174978	179176308
2026-09-02T01:43:24Z	2a8202573382705a9d423e5818e57d59e774bf3e	5a02941e176b9f49a05c37d8417a76b96b4a65bcf8812221a82d30ffd3ad5061	bureau	omz	2264a8042763edf2620cfe32d96b096e1f3d26aa	2264a8042763edf2620cfe32d96b096e1f3d26aa	5.9	2.55.0	1000	150	dirty	3	34.867	34.867	0	5	5	1	1788313555.221005	1788313555.410867	179179492	179181024
2026-09-02T01:43:24Z	2a8202573382705a9d423e5818e57d59e774bf3e	5a02941e176b9f49a05c37d8417a76b96b4a65bcf8812221a82d30ffd3ad5061	bureau	omz	2264a8042763edf2620cfe32d96b096e1f3d26aa	2264a8042763edf2620cfe32d96b096e1f3d26aa	5.9	2.55.0	1000	150	dirty	4	34.437	34.437	0	5	5	1	1788313555.845985	1788313556.037970	179183820	179185017
2026-09-02T01:43:24Z	2a8202573382705a9d423e5818e57d59e774bf3e	5a02941e176b9f49a05c37d8417a76b96b4a65bcf8812221a82d30ffd3ad5061	bureau	omz	2264a8042763edf2620cfe32d96b096e1f3d26aa	2264a8042763edf2620cfe32d96b096e1f3d26aa	5.9	2.55.0	1000	150	dirty	5	38.043	38.043	0	5	5	1	1788313556.474283	1788313556.679481	179189177	179190010
2026-09-02T01:43:24Z	2a8202573382705a9d423e5818e57d59e774bf3e	5a02941e176b9f49a05c37d8417a76b96b4a65bcf8812221a82d30ffd3ad5061	bureau	omz	2264a8042763edf2620cfe32d96b096e1f3d26aa	2264a8042763edf2620cfe32d96b096e1f3d26aa	5.9	2.55.0	1000	150	dirty	6	35.627	35.627	0	5	5	1	1788313557.114863	1788313557.309335	179192943	179194335
2026-09-02T01:43:24Z	2a8202573382705a9d423e5818e57d59e774bf3e	5a02941e176b9f49a05c37d8417a76b96b4a65bcf8812221a82d30ffd3ad5061	bureau	omz	2264a8042763edf2620cfe32d96b096e1f3d26aa	2264a8042763edf2620cfe32d96b096e1f3d26aa	5.9	2.55.0	1000	150	dirty	7	35.093	35.093	0	5	5	1	1788313557.749668	1788313557.950816	179198410	179200864
2026-09-02T01:43:24Z	2a8202573382705a9d423e5818e57d59e774bf3e	5a02941e176b9f49a05c37d8417a76b96b4a65bcf8812221a82d30ffd3ad5061	bureau	omz	2264a8042763edf2620cfe32d96b096e1f3d26aa	2264a8042763edf2620cfe32d96b096e1f3d26aa	5.9	2.55.0	1000	150	dirty	8	35.511	35.511	0	5	5	1	1788313558.389561	1788313558.586087	179204930	179206474
2026-09-02T01:43:24Z	2a8202573382705a9d423e5818e57d59e774bf3e	5a02941e176b9f49a05c37d8417a76b96b4a65bcf8812221a82d30ffd3ad5061	bureau	omz	2264a8042763edf2620cfe32d96b096e1f3d26aa	2264a8042763edf2620cfe32d96b096e1f3d26aa	5.9	2.55.0	1000	150	dirty	9	34.514	34.514	0	5	5	1	1788313559.026204	1788313559.220595	179209053	179210467
2026-09-02T01:43:24Z	2a8202573382705a9d423e5818e57d59e774bf3e	5a02941e176b9f49a05c37d8417a76b96b4a65bcf8812221a82d30ffd3ad5061	bureau	omz	2264a8042763edf2620cfe32d96b096e1f3d26aa	2264a8042763edf2620cfe32d96b096e1f3d26aa	5.9	2.55.0	1000	150	dirty	10	33.582	33.582	0	5	5	1	1788313559.655048	1788313559.848894	179213161	179214486
2026-09-02T01:43:24Z	2a8202573382705a9d423e5818e57d59e774bf3e	5a02941e176b9f49a05c37d8417a76b96b4a65bcf8812221a82d30ffd3ad5061	bureau	omz	2264a8042763edf2620cfe32d96b096e1f3d26aa	2264a8042763edf2620cfe32d96b096e1f3d26aa	5.9	2.55.0	1000	150	dirty	11	33.882	33.882	0	5	5	1	1788313560.286939	1788313560.479677	179217679	179218825
2026-09-02T01:43:24Z	2a8202573382705a9d423e5818e57d59e774bf3e	5a02941e176b9f49a05c37d8417a76b96b4a65bcf8812221a82d30ffd3ad5061	bureau	omz	2264a8042763edf2620cfe32d96b096e1f3d26aa	2264a8042763edf2620cfe32d96b096e1f3d26aa	5.9	2.55.0	1000	150	dirty	12	34.415	34.415	0	5	5	1	1788313560.919324	1788313561.116881	179221632	179222281
2026-09-02T01:43:24Z	2a8202573382705a9d423e5818e57d59e774bf3e	5a02941e176b9f49a05c37d8417a76b96b4a65bcf8812221a82d30ffd3ad5061	bureau	omz	2264a8042763edf2620cfe32d96b096e1f3d26aa	2264a8042763edf2620cfe32d96b096e1f3d26aa	5.9	2.55.0	1000	150	dirty	13	34.561	34.561	0	5	5	1	1788313561.553925	1788313561.749017	179224430	179225178
2026-09-02T01:43:24Z	2a8202573382705a9d423e5818e57d59e774bf3e	5a02941e176b9f49a05c37d8417a76b96b4a65bcf8812221a82d30ffd3ad5061	bureau	omz	2264a8042763edf2620cfe32d96b096e1f3d26aa	2264a8042763edf2620cfe32d96b096e1f3d26aa	5.9	2.55.0	1000	150	dirty	14	34.586	34.586	0	5	5	1	1788313562.183809	1788313562.380993	179227553	179228854
2026-09-02T01:43:24Z	2a8202573382705a9d423e5818e57d59e774bf3e	5a02941e176b9f49a05c37d8417a76b96b4a65bcf8812221a82d30ffd3ad5061	bureau	omz	2264a8042763edf2620cfe32d96b096e1f3d26aa	2264a8042763edf2620cfe32d96b096e1f3d26aa	5.9	2.55.0	1000	150	dirty	15	36.676	36.676	0	5	5	1	1788313562.825768	1788313563.016506	179231623	179232467
2026-09-02T01:43:24Z	2a8202573382705a9d423e5818e57d59e774bf3e	5a02941e176b9f49a05c37d8417a76b96b4a65bcf8812221a82d30ffd3ad5061	bureau	omz	2264a8042763edf2620cfe32d96b096e1f3d26aa	2264a8042763edf2620cfe32d96b096e1f3d26aa	5.9	2.55.0	1000	150	dirty	16	37.856	37.856	0	5	5	1	1788313563.459537	1788313563.664537	179234698	179235649
2026-09-02T01:43:24Z	2a8202573382705a9d423e5818e57d59e774bf3e	5a02941e176b9f49a05c37d8417a76b96b4a65bcf8812221a82d30ffd3ad5061	bureau	omz	2264a8042763edf2620cfe32d96b096e1f3d26aa	2264a8042763edf2620cfe32d96b096e1f3d26aa	5.9	2.55.0	1000	150	dirty	17	34.995	34.995	0	5	5	1	1788313564.107092	1788313564.302526	179238950	179239688
2026-09-02T01:43:24Z	2a8202573382705a9d423e5818e57d59e774bf3e	5a02941e176b9f49a05c37d8417a76b96b4a65bcf8812221a82d30ffd3ad5061	bureau	omz	2264a8042763edf2620cfe32d96b096e1f3d26aa	2264a8042763edf2620cfe32d96b096e1f3d26aa	5.9	2.55.0	1000	150	dirty	18	36.677	36.677	0	5	5	1	1788313564.742924	1788313564.936523	179242333	179243833
2026-09-02T01:43:24Z	2a8202573382705a9d423e5818e57d59e774bf3e	5a02941e176b9f49a05c37d8417a76b96b4a65bcf8812221a82d30ffd3ad5061	bureau	omz	2264a8042763edf2620cfe32d96b096e1f3d26aa	2264a8042763edf2620cfe32d96b096e1f3d26aa	5.9	2.55.0	1000	150	dirty	19	33.728	33.728	0	5	5	1	1788313565.364618	1788313565.555773	179246066	179246961
2026-09-02T01:43:24Z	2a8202573382705a9d423e5818e57d59e774bf3e	5a02941e176b9f49a05c37d8417a76b96b4a65bcf8812221a82d30ffd3ad5061	bureau	omz	2264a8042763edf2620cfe32d96b096e1f3d26aa	2264a8042763edf2620cfe32d96b096e1f3d26aa	5.9	2.55.0	1000	150	dirty	20	34.623	34.623	0	5	5	1	1788313566.000242	1788313566.190987	179249604	179251021
2026-09-02T01:43:24Z	2a8202573382705a9d423e5818e57d59e774bf3e	5a02941e176b9f49a05c37d8417a76b96b4a65bcf8812221a82d30ffd3ad5061	bureau	omz	2264a8042763edf2620cfe32d96b096e1f3d26aa	2264a8042763edf2620cfe32d96b096e1f3d26aa	5.9	2.55.0	1000	150	untracked	1	33.981	33.981	0	5	5	1	1788313566.640245	1788313566.831579	179253368	179254648
2026-09-02T01:43:24Z	2a8202573382705a9d423e5818e57d59e774bf3e	5a02941e176b9f49a05c37d8417a76b96b4a65bcf8812221a82d30ffd3ad5061	bureau	omz	2264a8042763edf2620cfe32d96b096e1f3d26aa	2264a8042763edf2620cfe32d96b096e1f3d26aa	5.9	2.55.0	1000	150	untracked	2	33.932	33.932	0	5	5	1	1788313567.275021	1788313567.466540	179259053	179260175
2026-09-02T01:43:24Z	2a8202573382705a9d423e5818e57d59e774bf3e	5a02941e176b9f49a05c37d8417a76b96b4a65bcf8812221a82d30ffd3ad5061	bureau	omz	2264a8042763edf2620cfe32d96b096e1f3d26aa	2264a8042763edf2620cfe32d96b096e1f3d26aa	5.9	2.55.0	1000	150	untracked	3	34.742	34.742	0	5	5	1	1788313567.907114	1788313568.102633	179263391	179265003
2026-09-02T01:43:24Z	2a8202573382705a9d423e5818e57d59e774bf3e	5a02941e176b9f49a05c37d8417a76b96b4a65bcf8812221a82d30ffd3ad5061	bureau	omz	2264a8042763edf2620cfe32d96b096e1f3d26aa	2264a8042763edf2620cfe32d96b096e1f3d26aa	5.9	2.55.0	1000	150	untracked	4	33.917	33.917	0	5	5	1	1788313568.534111	1788313568.735107	179267211	179268759
2026-09-02T01:43:24Z	2a8202573382705a9d423e5818e57d59e774bf3e	5a02941e176b9f49a05c37d8417a76b96b4a65bcf8812221a82d30ffd3ad5061	bureau	omz	2264a8042763edf2620cfe32d96b096e1f3d26aa	2264a8042763edf2620cfe32d96b096e1f3d26aa	5.9	2.55.0	1000	150	untracked	5	33.955	33.955	0	5	5	1	1788313569.172052	1788313569.367188	179273579	179274509
2026-09-02T01:43:24Z	2a8202573382705a9d423e5818e57d59e774bf3e	5a02941e176b9f49a05c37d8417a76b96b4a65bcf8812221a82d30ffd3ad5061	bureau	omz	2264a8042763edf2620cfe32d96b096e1f3d26aa	2264a8042763edf2620cfe32d96b096e1f3d26aa	5.9	2.55.0	1000	150	untracked	6	39.692	39.692	0	5	5	1	1788313569.807333	1788313570.003822	179276960	179278300
2026-09-02T01:43:24Z	2a8202573382705a9d423e5818e57d59e774bf3e	5a02941e176b9f49a05c37d8417a76b96b4a65bcf8812221a82d30ffd3ad5061	bureau	omz	2264a8042763edf2620cfe32d96b096e1f3d26aa	2264a8042763edf2620cfe32d96b096e1f3d26aa	5.9	2.55.0	1000	150	untracked	7	36.245	36.245	0	5	5	1	1788313570.440349	1788313570.640666	179282533	179283866
2026-09-02T01:43:24Z	2a8202573382705a9d423e5818e57d59e774bf3e	5a02941e176b9f49a05c37d8417a76b96b4a65bcf8812221a82d30ffd3ad5061	bureau	omz	2264a8042763edf2620cfe32d96b096e1f3d26aa	2264a8042763edf2620cfe32d96b096e1f3d26aa	5.9	2.55.0	1000	150	untracked	8	35.663	35.663	0	5	5	1	1788313571.088609	1788313571.291106	179287182	179289289
2026-09-02T01:43:24Z	2a8202573382705a9d423e5818e57d59e774bf3e	5a02941e176b9f49a05c37d8417a76b96b4a65bcf8812221a82d30ffd3ad5061	bureau	omz	2264a8042763edf2620cfe32d96b096e1f3d26aa	2264a8042763edf2620cfe32d96b096e1f3d26aa	5.9	2.55.0	1000	150	untracked	9	36.793	36.793	0	5	5	1	1788313571.735157	1788313571.933669	179292143	179293231
2026-09-02T01:43:24Z	2a8202573382705a9d423e5818e57d59e774bf3e	5a02941e176b9f49a05c37d8417a76b96b4a65bcf8812221a82d30ffd3ad5061	bureau	omz	2264a8042763edf2620cfe32d96b096e1f3d26aa	2264a8042763edf2620cfe32d96b096e1f3d26aa	5.9	2.55.0	1000	150	untracked	10	36.306	36.306	0	5	5	1	1788313572.374009	1788313572.567795	179295336	179296867
2026-09-02T01:43:24Z	2a8202573382705a9d423e5818e57d59e774bf3e	5a02941e176b9f49a05c37d8417a76b96b4a65bcf8812221a82d30ffd3ad5061	bureau	omz	2264a8042763edf2620cfe32d96b096e1f3d26aa	2264a8042763edf2620cfe32d96b096e1f3d26aa	5.9	2.55.0	1000	150	untracked	11	35.143	35.143	0	5	5	1	1788313573.010042	1788313573.206555	179299881	179301008
2026-09-02T01:43:24Z	2a8202573382705a9d423e5818e57d59e774bf3e	5a02941e176b9f49a05c37d8417a76b96b4a65bcf8812221a82d30ffd3ad5061	bureau	omz	2264a8042763edf2620cfe32d96b096e1f3d26aa	2264a8042763edf2620cfe32d96b096e1f3d26aa	5.9	2.55.0	1000	150	untracked	12	37.259	37.259	0	5	5	1	1788313573.659212	1788313573.855258	179303523	179305316
2026-09-02T01:43:24Z	2a8202573382705a9d423e5818e57d59e774bf3e	5a02941e176b9f49a05c37d8417a76b96b4a65bcf8812221a82d30ffd3ad5061	bureau	omz	2264a8042763edf2620cfe32d96b096e1f3d26aa	2264a8042763edf2620cfe32d96b096e1f3d26aa	5.9	2.55.0	1000	150	untracked	13	33.708	33.708	0	5	5	1	1788313574.294871	1788313574.483303	179307846	179308746
2026-09-02T01:43:24Z	2a8202573382705a9d423e5818e57d59e774bf3e	5a02941e176b9f49a05c37d8417a76b96b4a65bcf8812221a82d30ffd3ad5061	bureau	omz	2264a8042763edf2620cfe32d96b096e1f3d26aa	2264a8042763edf2620cfe32d96b096e1f3d26aa	5.9	2.55.0	1000	150	untracked	14	34.474	34.474	0	5	5	1	1788313574.931830	1788313575.122759	179311146	179312990
2026-09-02T01:43:24Z	2a8202573382705a9d423e5818e57d59e774bf3e	5a02941e176b9f49a05c37d8417a76b96b4a65bcf8812221a82d30ffd3ad5061	bureau	omz	2264a8042763edf2620cfe32d96b096e1f3d26aa	2264a8042763edf2620cfe32d96b096e1f3d26aa	5.9	2.55.0	1000	150	untracked	15	35.757	35.757	0	5	5	1	1788313575.560463	1788313575.758961	179317406	179319282
2026-09-02T01:43:24Z	2a8202573382705a9d423e5818e57d59e774bf3e	5a02941e176b9f49a05c37d8417a76b96b4a65bcf8812221a82d30ffd3ad5061	bureau	omz	2264a8042763edf2620cfe32d96b096e1f3d26aa	2264a8042763edf2620cfe32d96b096e1f3d26aa	5.9	2.55.0	1000	150	untracked	16	34.061	34.061	0	5	5	1	1788313576.199322	1788313576.394969	179321981	179323141
2026-09-02T01:43:24Z	2a8202573382705a9d423e5818e57d59e774bf3e	5a02941e176b9f49a05c37d8417a76b96b4a65bcf8812221a82d30ffd3ad5061	bureau	omz	2264a8042763edf2620cfe32d96b096e1f3d26aa	2264a8042763edf2620cfe32d96b096e1f3d26aa	5.9	2.55.0	1000	150	untracked	17	36.593	36.593	0	5	5	1	1788313576.842794	1788313577.041205	179326292	179327927
2026-09-02T01:43:24Z	2a8202573382705a9d423e5818e57d59e774bf3e	5a02941e176b9f49a05c37d8417a76b96b4a65bcf8812221a82d30ffd3ad5061	bureau	omz	2264a8042763edf2620cfe32d96b096e1f3d26aa	2264a8042763edf2620cfe32d96b096e1f3d26aa	5.9	2.55.0	1000	150	untracked	18	33.724	33.724	0	5	5	1	1788313577.483302	1788313577.684405	179332511	179334070
2026-09-02T01:43:24Z	2a8202573382705a9d423e5818e57d59e774bf3e	5a02941e176b9f49a05c37d8417a76b96b4a65bcf8812221a82d30ffd3ad5061	bureau	omz	2264a8042763edf2620cfe32d96b096e1f3d26aa	2264a8042763edf2620cfe32d96b096e1f3d26aa	5.9	2.55.0	1000	150	untracked	19	34.051	34.051	0	5	5	1	1788313578.121081	1788313578.312219	179336360	179338326
2026-09-02T01:43:24Z	2a8202573382705a9d423e5818e57d59e774bf3e	5a02941e176b9f49a05c37d8417a76b96b4a65bcf8812221a82d30ffd3ad5061	bureau	omz	2264a8042763edf2620cfe32d96b096e1f3d26aa	2264a8042763edf2620cfe32d96b096e1f3d26aa	5.9	2.55.0	1000	150	untracked	20	36.246	36.246	0	5	5	1	1788313578.751480	1788313578.951885	179340827	179342127
2026-09-02T01:43:24Z	2a8202573382705a9d423e5818e57d59e774bf3e	5a02941e176b9f49a05c37d8417a76b96b4a65bcf8812221a82d30ffd3ad5061	Soliah	omz	2264a8042763edf2620cfe32d96b096e1f3d26aa	2264a8042763edf2620cfe32d96b096e1f3d26aa	5.9	2.55.0	1000	150	clean	1	29.732	29.732	0	4	4	0	1788313580.937610	1788313581.126028	179352317	179353463
2026-09-02T01:43:24Z	2a8202573382705a9d423e5818e57d59e774bf3e	5a02941e176b9f49a05c37d8417a76b96b4a65bcf8812221a82d30ffd3ad5061	Soliah	omz	2264a8042763edf2620cfe32d96b096e1f3d26aa	2264a8042763edf2620cfe32d96b096e1f3d26aa	5.9	2.55.0	1000	150	clean	2	28.586	28.586	0	4	4	0	1788313581.554336	1788313581.742910	179356331	179357443
2026-09-02T01:43:24Z	2a8202573382705a9d423e5818e57d59e774bf3e	5a02941e176b9f49a05c37d8417a76b96b4a65bcf8812221a82d30ffd3ad5061	Soliah	omz	2264a8042763edf2620cfe32d96b096e1f3d26aa	2264a8042763edf2620cfe32d96b096e1f3d26aa	5.9	2.55.0	1000	150	clean	3	28.493	28.493	0	4	4	0	1788313582.174426	1788313582.360804	179360425	179361245
2026-09-02T01:43:24Z	2a8202573382705a9d423e5818e57d59e774bf3e	5a02941e176b9f49a05c37d8417a76b96b4a65bcf8812221a82d30ffd3ad5061	Soliah	omz	2264a8042763edf2620cfe32d96b096e1f3d26aa	2264a8042763edf2620cfe32d96b096e1f3d26aa	5.9	2.55.0	1000	150	clean	4	29.579	29.579	0	4	4	0	1788313582.781651	1788313582.973515	179364382	179365593
2026-09-02T01:43:24Z	2a8202573382705a9d423e5818e57d59e774bf3e	5a02941e176b9f49a05c37d8417a76b96b4a65bcf8812221a82d30ffd3ad5061	Soliah	omz	2264a8042763edf2620cfe32d96b096e1f3d26aa	2264a8042763edf2620cfe32d96b096e1f3d26aa	5.9	2.55.0	1000	150	clean	5	27.661	27.661	0	4	4	0	1788313583.402790	1788313583.590623	179368395	179369407
2026-09-02T01:43:24Z	2a8202573382705a9d423e5818e57d59e774bf3e	5a02941e176b9f49a05c37d8417a76b96b4a65bcf8812221a82d30ffd3ad5061	Soliah	omz	2264a8042763edf2620cfe32d96b096e1f3d26aa	2264a8042763edf2620cfe32d96b096e1f3d26aa	5.9	2.55.0	1000	150	clean	6	28.471	28.471	0	4	4	0	1788313584.011661	1788313584.206674	179374029	179375236
2026-09-02T01:43:24Z	2a8202573382705a9d423e5818e57d59e774bf3e	5a02941e176b9f49a05c37d8417a76b96b4a65bcf8812221a82d30ffd3ad5061	Soliah	omz	2264a8042763edf2620cfe32d96b096e1f3d26aa	2264a8042763edf2620cfe32d96b096e1f3d26aa	5.9	2.55.0	1000	150	clean	7	29.022	29.022	0	4	4	0	1788313584.647606	1788313584.839048	179378735	179379771
2026-09-02T01:43:24Z	2a8202573382705a9d423e5818e57d59e774bf3e	5a02941e176b9f49a05c37d8417a76b96b4a65bcf8812221a82d30ffd3ad5061	Soliah	omz	2264a8042763edf2620cfe32d96b096e1f3d26aa	2264a8042763edf2620cfe32d96b096e1f3d26aa	5.9	2.55.0	1000	150	clean	8	28.134	28.134	0	4	4	0	1788313585.269705	1788313585.462299	179382672	179383728
2026-09-02T01:43:24Z	2a8202573382705a9d423e5818e57d59e774bf3e	5a02941e176b9f49a05c37d8417a76b96b4a65bcf8812221a82d30ffd3ad5061	Soliah	omz	2264a8042763edf2620cfe32d96b096e1f3d26aa	2264a8042763edf2620cfe32d96b096e1f3d26aa	5.9	2.55.0	1000	150	clean	9	28.283	28.283	0	4	4	0	1788313585.885598	1788313586.079183	179386436	179388377
2026-09-02T01:43:24Z	2a8202573382705a9d423e5818e57d59e774bf3e	5a02941e176b9f49a05c37d8417a76b96b4a65bcf8812221a82d30ffd3ad5061	Soliah	omz	2264a8042763edf2620cfe32d96b096e1f3d26aa	2264a8042763edf2620cfe32d96b096e1f3d26aa	5.9	2.55.0	1000	150	clean	10	27.743	27.743	0	4	4	0	1788313586.515107	1788313586.705449	179390734	179392813
2026-09-02T01:43:24Z	2a8202573382705a9d423e5818e57d59e774bf3e	5a02941e176b9f49a05c37d8417a76b96b4a65bcf8812221a82d30ffd3ad5061	Soliah	omz	2264a8042763edf2620cfe32d96b096e1f3d26aa	2264a8042763edf2620cfe32d96b096e1f3d26aa	5.9	2.55.0	1000	150	clean	11	28.116	28.116	0	4	4	0	1788313587.128548	1788313587.320972	179394951	179396091
2026-09-02T01:43:24Z	2a8202573382705a9d423e5818e57d59e774bf3e	5a02941e176b9f49a05c37d8417a76b96b4a65bcf8812221a82d30ffd3ad5061	Soliah	omz	2264a8042763edf2620cfe32d96b096e1f3d26aa	2264a8042763edf2620cfe32d96b096e1f3d26aa	5.9	2.55.0	1000	150	clean	12	28.683	28.683	0	4	4	0	1788313587.749507	1788313587.942956	179398076	179399063
2026-09-02T01:43:24Z	2a8202573382705a9d423e5818e57d59e774bf3e	5a02941e176b9f49a05c37d8417a76b96b4a65bcf8812221a82d30ffd3ad5061	Soliah	omz	2264a8042763edf2620cfe32d96b096e1f3d26aa	2264a8042763edf2620cfe32d96b096e1f3d26aa	5.9	2.55.0	1000	150	clean	13	27.984	27.984	0	4	4	0	1788313588.386780	1788313588.582113	179401982	179403166
2026-09-02T01:43:24Z	2a8202573382705a9d423e5818e57d59e774bf3e	5a02941e176b9f49a05c37d8417a76b96b4a65bcf8812221a82d30ffd3ad5061	Soliah	omz	2264a8042763edf2620cfe32d96b096e1f3d26aa	2264a8042763edf2620cfe32d96b096e1f3d26aa	5.9	2.55.0	1000	150	clean	14	28.213	28.213	0	4	4	0	1788313589.026926	1788313589.213947	179405764	179406867
2026-09-02T01:43:24Z	2a8202573382705a9d423e5818e57d59e774bf3e	5a02941e176b9f49a05c37d8417a76b96b4a65bcf8812221a82d30ffd3ad5061	Soliah	omz	2264a8042763edf2620cfe32d96b096e1f3d26aa	2264a8042763edf2620cfe32d96b096e1f3d26aa	5.9	2.55.0	1000	150	clean	15	28.258	28.258	0	4	4	0	1788313589.649958	1788313589.842997	179409791	179411380
2026-09-02T01:43:24Z	2a8202573382705a9d423e5818e57d59e774bf3e	5a02941e176b9f49a05c37d8417a76b96b4a65bcf8812221a82d30ffd3ad5061	Soliah	omz	2264a8042763edf2620cfe32d96b096e1f3d26aa	2264a8042763edf2620cfe32d96b096e1f3d26aa	5.9	2.55.0	1000	150	clean	16	27.194	27.194	0	4	4	0	1788313590.272519	1788313590.468494	179413619	179414833
2026-09-02T01:43:24Z	2a8202573382705a9d423e5818e57d59e774bf3e	5a02941e176b9f49a05c37d8417a76b96b4a65bcf8812221a82d30ffd3ad5061	Soliah	omz	2264a8042763edf2620cfe32d96b096e1f3d26aa	2264a8042763edf2620cfe32d96b096e1f3d26aa	5.9	2.55.0	1000	150	clean	17	28.925	28.925	0	4	4	0	1788313590.913506	1788313591.106728	179417096	179418023
2026-09-02T01:43:24Z	2a8202573382705a9d423e5818e57d59e774bf3e	5a02941e176b9f49a05c37d8417a76b96b4a65bcf8812221a82d30ffd3ad5061	Soliah	omz	2264a8042763edf2620cfe32d96b096e1f3d26aa	2264a8042763edf2620cfe32d96b096e1f3d26aa	5.9	2.55.0	1000	150	clean	18	28.577	28.577	0	4	4	0	1788313591.537275	1788313591.724557	179421317	179422102
2026-09-02T01:43:24Z	2a8202573382705a9d423e5818e57d59e774bf3e	5a02941e176b9f49a05c37d8417a76b96b4a65bcf8812221a82d30ffd3ad5061	Soliah	omz	2264a8042763edf2620cfe32d96b096e1f3d26aa	2264a8042763edf2620cfe32d96b096e1f3d26aa	5.9	2.55.0	1000	150	clean	19	28.615	28.615	0	4	4	0	1788313592.155526	1788313592.341445	179424508	179425476
2026-09-02T01:43:24Z	2a8202573382705a9d423e5818e57d59e774bf3e	5a02941e176b9f49a05c37d8417a76b96b4a65bcf8812221a82d30ffd3ad5061	Soliah	omz	2264a8042763edf2620cfe32d96b096e1f3d26aa	2264a8042763edf2620cfe32d96b096e1f3d26aa	5.9	2.55.0	1000	150	clean	20	28.443	28.443	0	4	4	0	1788313592.769324	1788313592.961844	179428182	179429947
2026-09-02T01:43:24Z	2a8202573382705a9d423e5818e57d59e774bf3e	5a02941e176b9f49a05c37d8417a76b96b4a65bcf8812221a82d30ffd3ad5061	Soliah	omz	2264a8042763edf2620cfe32d96b096e1f3d26aa	2264a8042763edf2620cfe32d96b096e1f3d26aa	5.9	2.55.0	1000	150	dirty	1	28.206	28.206	0	4	4	0	1788313593.405346	1788313593.599889	179433782	179434991
2026-09-02T01:43:24Z	2a8202573382705a9d423e5818e57d59e774bf3e	5a02941e176b9f49a05c37d8417a76b96b4a65bcf8812221a82d30ffd3ad5061	Soliah	omz	2264a8042763edf2620cfe32d96b096e1f3d26aa	2264a8042763edf2620cfe32d96b096e1f3d26aa	5.9	2.55.0	1000	150	dirty	2	28.702	28.702	0	4	4	0	1788313594.045047	1788313594.237997	179437136	179438664
2026-09-02T01:43:24Z	2a8202573382705a9d423e5818e57d59e774bf3e	5a02941e176b9f49a05c37d8417a76b96b4a65bcf8812221a82d30ffd3ad5061	Soliah	omz	2264a8042763edf2620cfe32d96b096e1f3d26aa	2264a8042763edf2620cfe32d96b096e1f3d26aa	5.9	2.55.0	1000	150	dirty	3	28.401	28.401	0	4	4	0	1788313594.678250	1788313594.872082	179440861	179441901
2026-09-02T01:43:24Z	2a8202573382705a9d423e5818e57d59e774bf3e	5a02941e176b9f49a05c37d8417a76b96b4a65bcf8812221a82d30ffd3ad5061	Soliah	omz	2264a8042763edf2620cfe32d96b096e1f3d26aa	2264a8042763edf2620cfe32d96b096e1f3d26aa	5.9	2.55.0	1000	150	dirty	4	31.482	31.482	0	4	4	0	1788313595.311772	1788313595.509739	179444671	179446907
2026-09-02T01:43:24Z	2a8202573382705a9d423e5818e57d59e774bf3e	5a02941e176b9f49a05c37d8417a76b96b4a65bcf8812221a82d30ffd3ad5061	Soliah	omz	2264a8042763edf2620cfe32d96b096e1f3d26aa	2264a8042763edf2620cfe32d96b096e1f3d26aa	5.9	2.55.0	1000	150	dirty	5	28.785	28.785	0	4	4	0	1788313595.938760	1788313596.133991	179450573	179451956
2026-09-02T01:43:24Z	2a8202573382705a9d423e5818e57d59e774bf3e	5a02941e176b9f49a05c37d8417a76b96b4a65bcf8812221a82d30ffd3ad5061	Soliah	omz	2264a8042763edf2620cfe32d96b096e1f3d26aa	2264a8042763edf2620cfe32d96b096e1f3d26aa	5.9	2.55.0	1000	150	dirty	6	31.541	31.541	0	4	4	0	1788313596.578027	1788313596.768631	179454353	179456314
2026-09-02T01:43:24Z	2a8202573382705a9d423e5818e57d59e774bf3e	5a02941e176b9f49a05c37d8417a76b96b4a65bcf8812221a82d30ffd3ad5061	Soliah	omz	2264a8042763edf2620cfe32d96b096e1f3d26aa	2264a8042763edf2620cfe32d96b096e1f3d26aa	5.9	2.55.0	1000	150	dirty	7	29.801	29.801	0	4	4	0	1788313597.209368	1788313597.397993	179458546	179459805
2026-09-02T01:43:24Z	2a8202573382705a9d423e5818e57d59e774bf3e	5a02941e176b9f49a05c37d8417a76b96b4a65bcf8812221a82d30ffd3ad5061	Soliah	omz	2264a8042763edf2620cfe32d96b096e1f3d26aa	2264a8042763edf2620cfe32d96b096e1f3d26aa	5.9	2.55.0	1000	150	dirty	8	29.207	29.207	0	4	4	0	1788313597.819727	1788313598.016708	179461738	179462653
2026-09-02T01:43:24Z	2a8202573382705a9d423e5818e57d59e774bf3e	5a02941e176b9f49a05c37d8417a76b96b4a65bcf8812221a82d30ffd3ad5061	Soliah	omz	2264a8042763edf2620cfe32d96b096e1f3d26aa	2264a8042763edf2620cfe32d96b096e1f3d26aa	5.9	2.55.0	1000	150	dirty	9	28.399	28.399	0	4	4	0	1788313598.451507	1788313598.644820	179465980	179467156
2026-09-02T01:43:24Z	2a8202573382705a9d423e5818e57d59e774bf3e	5a02941e176b9f49a05c37d8417a76b96b4a65bcf8812221a82d30ffd3ad5061	Soliah	omz	2264a8042763edf2620cfe32d96b096e1f3d26aa	2264a8042763edf2620cfe32d96b096e1f3d26aa	5.9	2.55.0	1000	150	dirty	10	27.070	27.070	0	4	4	0	1788313599.068418	1788313599.258198	179469346	179470409
2026-09-02T01:43:24Z	2a8202573382705a9d423e5818e57d59e774bf3e	5a02941e176b9f49a05c37d8417a76b96b4a65bcf8812221a82d30ffd3ad5061	Soliah	omz	2264a8042763edf2620cfe32d96b096e1f3d26aa	2264a8042763edf2620cfe32d96b096e1f3d26aa	5.9	2.55.0	1000	150	dirty	11	28.838	28.838	0	4	4	0	1788313599.682782	1788313599.874161	179472650	179473632
2026-09-02T01:43:24Z	2a8202573382705a9d423e5818e57d59e774bf3e	5a02941e176b9f49a05c37d8417a76b96b4a65bcf8812221a82d30ffd3ad5061	Soliah	omz	2264a8042763edf2620cfe32d96b096e1f3d26aa	2264a8042763edf2620cfe32d96b096e1f3d26aa	5.9	2.55.0	1000	150	dirty	12	28.887	28.887	0	4	4	0	1788313600.310918	1788313600.508381	179475860	179477018
2026-09-02T01:43:24Z	2a8202573382705a9d423e5818e57d59e774bf3e	5a02941e176b9f49a05c37d8417a76b96b4a65bcf8812221a82d30ffd3ad5061	Soliah	omz	2264a8042763edf2620cfe32d96b096e1f3d26aa	2264a8042763edf2620cfe32d96b096e1f3d26aa	5.9	2.55.0	1000	150	dirty	13	28.678	28.678	0	4	4	0	1788313600.942269	1788313601.140707	179480340	179481687
2026-09-02T01:43:24Z	2a8202573382705a9d423e5818e57d59e774bf3e	5a02941e176b9f49a05c37d8417a76b96b4a65bcf8812221a82d30ffd3ad5061	Soliah	omz	2264a8042763edf2620cfe32d96b096e1f3d26aa	2264a8042763edf2620cfe32d96b096e1f3d26aa	5.9	2.55.0	1000	150	dirty	14	28.959	28.959	0	4	4	0	1788313601.575847	1788313601.772169	179484097	179485280
2026-09-02T01:43:24Z	2a8202573382705a9d423e5818e57d59e774bf3e	5a02941e176b9f49a05c37d8417a76b96b4a65bcf8812221a82d30ffd3ad5061	Soliah	omz	2264a8042763edf2620cfe32d96b096e1f3d26aa	2264a8042763edf2620cfe32d96b096e1f3d26aa	5.9	2.55.0	1000	150	dirty	15	29.448	29.448	0	4	4	0	1788313602.212548	1788313602.401007	179488149	179489621
2026-09-02T01:43:24Z	2a8202573382705a9d423e5818e57d59e774bf3e	5a02941e176b9f49a05c37d8417a76b96b4a65bcf8812221a82d30ffd3ad5061	Soliah	omz	2264a8042763edf2620cfe32d96b096e1f3d26aa	2264a8042763edf2620cfe32d96b096e1f3d26aa	5.9	2.55.0	1000	150	dirty	16	27.842	27.842	0	4	4	0	1788313602.835107	1788313603.024134	179491898	179492899
2026-09-02T01:43:24Z	2a8202573382705a9d423e5818e57d59e774bf3e	5a02941e176b9f49a05c37d8417a76b96b4a65bcf8812221a82d30ffd3ad5061	Soliah	omz	2264a8042763edf2620cfe32d96b096e1f3d26aa	2264a8042763edf2620cfe32d96b096e1f3d26aa	5.9	2.55.0	1000	150	dirty	17	28.136	28.136	0	4	4	0	1788313603.455644	1788313603.649526	179496066	179497009
2026-09-02T01:43:24Z	2a8202573382705a9d423e5818e57d59e774bf3e	5a02941e176b9f49a05c37d8417a76b96b4a65bcf8812221a82d30ffd3ad5061	Soliah	omz	2264a8042763edf2620cfe32d96b096e1f3d26aa	2264a8042763edf2620cfe32d96b096e1f3d26aa	5.9	2.55.0	1000	150	dirty	18	30.367	30.367	0	4	4	0	1788313604.086450	1788313604.280147	179499508	179500191
2026-09-02T01:43:24Z	2a8202573382705a9d423e5818e57d59e774bf3e	5a02941e176b9f49a05c37d8417a76b96b4a65bcf8812221a82d30ffd3ad5061	Soliah	omz	2264a8042763edf2620cfe32d96b096e1f3d26aa	2264a8042763edf2620cfe32d96b096e1f3d26aa	5.9	2.55.0	1000	150	dirty	19	29.822	29.822	0	4	4	0	1788313604.725257	1788313604.917934	179502106	179503268
2026-09-02T01:43:24Z	2a8202573382705a9d423e5818e57d59e774bf3e	5a02941e176b9f49a05c37d8417a76b96b4a65bcf8812221a82d30ffd3ad5061	Soliah	omz	2264a8042763edf2620cfe32d96b096e1f3d26aa	2264a8042763edf2620cfe32d96b096e1f3d26aa	5.9	2.55.0	1000	150	dirty	20	30.586	30.586	0	4	4	0	1788313605.356610	1788313605.552136	179505319	179506887
2026-09-02T01:43:24Z	2a8202573382705a9d423e5818e57d59e774bf3e	5a02941e176b9f49a05c37d8417a76b96b4a65bcf8812221a82d30ffd3ad5061	Soliah	omz	2264a8042763edf2620cfe32d96b096e1f3d26aa	2264a8042763edf2620cfe32d96b096e1f3d26aa	5.9	2.55.0	1000	150	untracked	1	28.301	28.301	0	4	4	0	1788313606.008604	1788313606.196342	179509652	179510507
2026-09-02T01:43:24Z	2a8202573382705a9d423e5818e57d59e774bf3e	5a02941e176b9f49a05c37d8417a76b96b4a65bcf8812221a82d30ffd3ad5061	Soliah	omz	2264a8042763edf2620cfe32d96b096e1f3d26aa	2264a8042763edf2620cfe32d96b096e1f3d26aa	5.9	2.55.0	1000	150	untracked	2	30.169	30.169	0	4	4	0	1788313606.633718	1788313606.830866	179513161	179514529
2026-09-02T01:43:24Z	2a8202573382705a9d423e5818e57d59e774bf3e	5a02941e176b9f49a05c37d8417a76b96b4a65bcf8812221a82d30ffd3ad5061	Soliah	omz	2264a8042763edf2620cfe32d96b096e1f3d26aa	2264a8042763edf2620cfe32d96b096e1f3d26aa	5.9	2.55.0	1000	150	untracked	3	29.353	29.353	0	4	4	0	1788313607.265618	1788313607.464411	179516600	179519121
2026-09-02T01:43:24Z	2a8202573382705a9d423e5818e57d59e774bf3e	5a02941e176b9f49a05c37d8417a76b96b4a65bcf8812221a82d30ffd3ad5061	Soliah	omz	2264a8042763edf2620cfe32d96b096e1f3d26aa	2264a8042763edf2620cfe32d96b096e1f3d26aa	5.9	2.55.0	1000	150	untracked	4	30.086	30.086	0	4	4	0	1788313607.916693	1788313608.111932	179521501	179522886
2026-09-02T01:43:24Z	2a8202573382705a9d423e5818e57d59e774bf3e	5a02941e176b9f49a05c37d8417a76b96b4a65bcf8812221a82d30ffd3ad5061	Soliah	omz	2264a8042763edf2620cfe32d96b096e1f3d26aa	2264a8042763edf2620cfe32d96b096e1f3d26aa	5.9	2.55.0	1000	150	untracked	5	29.359	29.359	0	4	4	0	1788313608.559736	1788313608.745819	179525706	179526802
2026-09-02T01:43:24Z	2a8202573382705a9d423e5818e57d59e774bf3e	5a02941e176b9f49a05c37d8417a76b96b4a65bcf8812221a82d30ffd3ad5061	Soliah	omz	2264a8042763edf2620cfe32d96b096e1f3d26aa	2264a8042763edf2620cfe32d96b096e1f3d26aa	5.9	2.55.0	1000	150	untracked	6	28.667	28.667	0	4	4	0	1788313609.166504	1788313609.359668	179528775	179529642
2026-09-02T01:43:24Z	2a8202573382705a9d423e5818e57d59e774bf3e	5a02941e176b9f49a05c37d8417a76b96b4a65bcf8812221a82d30ffd3ad5061	Soliah	omz	2264a8042763edf2620cfe32d96b096e1f3d26aa	2264a8042763edf2620cfe32d96b096e1f3d26aa	5.9	2.55.0	1000	150	untracked	7	31.476	31.476	0	4	4	0	1788313609.793649	1788313609.980744	179531892	179533462
2026-09-02T01:43:24Z	2a8202573382705a9d423e5818e57d59e774bf3e	5a02941e176b9f49a05c37d8417a76b96b4a65bcf8812221a82d30ffd3ad5061	Soliah	omz	2264a8042763edf2620cfe32d96b096e1f3d26aa	2264a8042763edf2620cfe32d96b096e1f3d26aa	5.9	2.55.0	1000	150	untracked	8	28.088	28.088	0	4	4	0	1788313610.421459	1788313610.615936	179536885	179537966
2026-09-02T01:43:24Z	2a8202573382705a9d423e5818e57d59e774bf3e	5a02941e176b9f49a05c37d8417a76b96b4a65bcf8812221a82d30ffd3ad5061	Soliah	omz	2264a8042763edf2620cfe32d96b096e1f3d26aa	2264a8042763edf2620cfe32d96b096e1f3d26aa	5.9	2.55.0	1000	150	untracked	9	27.602	27.602	0	4	4	0	1788313611.042684	1788313611.234078	179540054	179541830
2026-09-02T01:43:24Z	2a8202573382705a9d423e5818e57d59e774bf3e	5a02941e176b9f49a05c37d8417a76b96b4a65bcf8812221a82d30ffd3ad5061	Soliah	omz	2264a8042763edf2620cfe32d96b096e1f3d26aa	2264a8042763edf2620cfe32d96b096e1f3d26aa	5.9	2.55.0	1000	150	untracked	10	29.124	29.124	0	4	4	0	1788313611.683947	1788313611.879594	179543908	179544918
2026-09-02T01:43:24Z	2a8202573382705a9d423e5818e57d59e774bf3e	5a02941e176b9f49a05c37d8417a76b96b4a65bcf8812221a82d30ffd3ad5061	Soliah	omz	2264a8042763edf2620cfe32d96b096e1f3d26aa	2264a8042763edf2620cfe32d96b096e1f3d26aa	5.9	2.55.0	1000	150	untracked	11	28.971	28.971	0	4	4	0	1788313612.320318	1788313612.515387	179547200	179548310
2026-09-02T01:43:24Z	2a8202573382705a9d423e5818e57d59e774bf3e	5a02941e176b9f49a05c37d8417a76b96b4a65bcf8812221a82d30ffd3ad5061	Soliah	omz	2264a8042763edf2620cfe32d96b096e1f3d26aa	2264a8042763edf2620cfe32d96b096e1f3d26aa	5.9	2.55.0	1000	150	untracked	12	29.732	29.732	0	4	4	0	1788313612.954693	1788313613.152669	179552386	179553643
2026-09-02T01:43:24Z	2a8202573382705a9d423e5818e57d59e774bf3e	5a02941e176b9f49a05c37d8417a76b96b4a65bcf8812221a82d30ffd3ad5061	Soliah	omz	2264a8042763edf2620cfe32d96b096e1f3d26aa	2264a8042763edf2620cfe32d96b096e1f3d26aa	5.9	2.55.0	1000	150	untracked	13	29.594	29.594	0	4	4	0	1788313613.583236	1788313613.781105	179556164	179557501
2026-09-02T01:43:24Z	2a8202573382705a9d423e5818e57d59e774bf3e	5a02941e176b9f49a05c37d8417a76b96b4a65bcf8812221a82d30ffd3ad5061	Soliah	omz	2264a8042763edf2620cfe32d96b096e1f3d26aa	2264a8042763edf2620cfe32d96b096e1f3d26aa	5.9	2.55.0	1000	150	untracked	14	30.477	30.477	0	4	4	0	1788313614.213582	1788313614.402076	179559802	179561274
2026-09-02T01:43:24Z	2a8202573382705a9d423e5818e57d59e774bf3e	5a02941e176b9f49a05c37d8417a76b96b4a65bcf8812221a82d30ffd3ad5061	Soliah	omz	2264a8042763edf2620cfe32d96b096e1f3d26aa	2264a8042763edf2620cfe32d96b096e1f3d26aa	5.9	2.55.0	1000	150	untracked	15	28.541	28.541	0	4	4	0	1788313614.843084	1788313615.030441	179564127	179565016
2026-09-02T01:43:24Z	2a8202573382705a9d423e5818e57d59e774bf3e	5a02941e176b9f49a05c37d8417a76b96b4a65bcf8812221a82d30ffd3ad5061	Soliah	omz	2264a8042763edf2620cfe32d96b096e1f3d26aa	2264a8042763edf2620cfe32d96b096e1f3d26aa	5.9	2.55.0	1000	150	untracked	16	29.183	29.183	0	4	4	0	1788313615.452492	1788313615.650477	179568202	179568846
2026-09-02T01:43:24Z	2a8202573382705a9d423e5818e57d59e774bf3e	5a02941e176b9f49a05c37d8417a76b96b4a65bcf8812221a82d30ffd3ad5061	Soliah	omz	2264a8042763edf2620cfe32d96b096e1f3d26aa	2264a8042763edf2620cfe32d96b096e1f3d26aa	5.9	2.55.0	1000	150	untracked	17	28.541	28.541	0	4	4	0	1788313616.089050	1788313616.286539	179571649	179574003
2026-09-02T01:43:24Z	2a8202573382705a9d423e5818e57d59e774bf3e	5a02941e176b9f49a05c37d8417a76b96b4a65bcf8812221a82d30ffd3ad5061	Soliah	omz	2264a8042763edf2620cfe32d96b096e1f3d26aa	2264a8042763edf2620cfe32d96b096e1f3d26aa	5.9	2.55.0	1000	150	untracked	18	29.682	29.682	0	4	4	0	1788313616.739192	1788313616.930935	179576295	179577283
2026-09-02T01:43:24Z	2a8202573382705a9d423e5818e57d59e774bf3e	5a02941e176b9f49a05c37d8417a76b96b4a65bcf8812221a82d30ffd3ad5061	Soliah	omz	2264a8042763edf2620cfe32d96b096e1f3d26aa	2264a8042763edf2620cfe32d96b096e1f3d26aa	5.9	2.55.0	1000	150	untracked	19	28.698	28.698	0	4	4	0	1788313617.370537	1788313617.559052	179579699	179580638
2026-09-02T01:43:24Z	2a8202573382705a9d423e5818e57d59e774bf3e	5a02941e176b9f49a05c37d8417a76b96b4a65bcf8812221a82d30ffd3ad5061	Soliah	omz	2264a8042763edf2620cfe32d96b096e1f3d26aa	2264a8042763edf2620cfe32d96b096e1f3d26aa	5.9	2.55.0	1000	150	untracked	20	31.135	31.135	0	4	4	0	1788313617.995183	1788313618.184545	179584364	179585490
2026-09-02T01:43:24Z	2a8202573382705a9d423e5818e57d59e774bf3e	5a02941e176b9f49a05c37d8417a76b96b4a65bcf8812221a82d30ffd3ad5061	steeef	omz	2264a8042763edf2620cfe32d96b096e1f3d26aa	2264a8042763edf2620cfe32d96b096e1f3d26aa	5.9	2.55.0	1000	150	clean	1	8.065	8.065	0	0	0	1	1788313620.130267	1788313620.307625	179593699	179595036
2026-09-02T01:43:24Z	2a8202573382705a9d423e5818e57d59e774bf3e	5a02941e176b9f49a05c37d8417a76b96b4a65bcf8812221a82d30ffd3ad5061	steeef	omz	2264a8042763edf2620cfe32d96b096e1f3d26aa	2264a8042763edf2620cfe32d96b096e1f3d26aa	5.9	2.55.0	1000	150	clean	2	10.972	10.972	0	0	0	1	1788313620.684803	1788313620.856690	179596643	179597878
2026-09-02T01:43:24Z	2a8202573382705a9d423e5818e57d59e774bf3e	5a02941e176b9f49a05c37d8417a76b96b4a65bcf8812221a82d30ffd3ad5061	steeef	omz	2264a8042763edf2620cfe32d96b096e1f3d26aa	2264a8042763edf2620cfe32d96b096e1f3d26aa	5.9	2.55.0	1000	150	clean	3	13.307	13.307	0	0	0	1	1788313621.230058	1788313621.398243	179599521	179600845
2026-09-02T01:43:24Z	2a8202573382705a9d423e5818e57d59e774bf3e	5a02941e176b9f49a05c37d8417a76b96b4a65bcf8812221a82d30ffd3ad5061	steeef	omz	2264a8042763edf2620cfe32d96b096e1f3d26aa	2264a8042763edf2620cfe32d96b096e1f3d26aa	5.9	2.55.0	1000	150	clean	4	10.068	10.068	0	0	0	1	1788313621.768552	1788313621.940821	179603623	179604783
2026-09-02T01:43:24Z	2a8202573382705a9d423e5818e57d59e774bf3e	5a02941e176b9f49a05c37d8417a76b96b4a65bcf8812221a82d30ffd3ad5061	steeef	omz	2264a8042763edf2620cfe32d96b096e1f3d26aa	2264a8042763edf2620cfe32d96b096e1f3d26aa	5.9	2.55.0	1000	150	clean	5	12.677	12.677	0	0	0	1	1788313622.325540	1788313622.506649	179607378	179608615
2026-09-02T01:43:24Z	2a8202573382705a9d423e5818e57d59e774bf3e	5a02941e176b9f49a05c37d8417a76b96b4a65bcf8812221a82d30ffd3ad5061	steeef	omz	2264a8042763edf2620cfe32d96b096e1f3d26aa	2264a8042763edf2620cfe32d96b096e1f3d26aa	5.9	2.55.0	1000	150	clean	6	11.253	11.253	0	0	0	1	1788313622.889454	1788313623.061572	179611061	179612642
2026-09-02T01:43:24Z	2a8202573382705a9d423e5818e57d59e774bf3e	5a02941e176b9f49a05c37d8417a76b96b4a65bcf8812221a82d30ffd3ad5061	steeef	omz	2264a8042763edf2620cfe32d96b096e1f3d26aa	2264a8042763edf2620cfe32d96b096e1f3d26aa	5.9	2.55.0	1000	150	clean	7	11.076	11.076	0	0	0	1	1788313623.439463	1788313623.620434	179615656	179616970
2026-09-02T01:43:24Z	2a8202573382705a9d423e5818e57d59e774bf3e	5a02941e176b9f49a05c37d8417a76b96b4a65bcf8812221a82d30ffd3ad5061	steeef	omz	2264a8042763edf2620cfe32d96b096e1f3d26aa	2264a8042763edf2620cfe32d96b096e1f3d26aa	5.9	2.55.0	1000	150	clean	8	10.137	10.137	0	0	0	1	1788313623.995104	1788313624.169225	179621027	179622574
2026-09-02T01:43:24Z	2a8202573382705a9d423e5818e57d59e774bf3e	5a02941e176b9f49a05c37d8417a76b96b4a65bcf8812221a82d30ffd3ad5061	steeef	omz	2264a8042763edf2620cfe32d96b096e1f3d26aa	2264a8042763edf2620cfe32d96b096e1f3d26aa	5.9	2.55.0	1000	150	clean	9	10.176	10.176	0	0	0	1	1788313624.540114	1788313624.705470	179625051	179626927
2026-09-02T01:43:24Z	2a8202573382705a9d423e5818e57d59e774bf3e	5a02941e176b9f49a05c37d8417a76b96b4a65bcf8812221a82d30ffd3ad5061	steeef	omz	2264a8042763edf2620cfe32d96b096e1f3d26aa	2264a8042763edf2620cfe32d96b096e1f3d26aa	5.9	2.55.0	1000	150	clean	10	10.736	10.736	0	0	0	1	1788313625.082479	1788313625.259522	179629211	179630242
2026-09-02T01:43:24Z	2a8202573382705a9d423e5818e57d59e774bf3e	5a02941e176b9f49a05c37d8417a76b96b4a65bcf8812221a82d30ffd3ad5061	steeef	omz	2264a8042763edf2620cfe32d96b096e1f3d26aa	2264a8042763edf2620cfe32d96b096e1f3d26aa	5.9	2.55.0	1000	150	clean	11	11.015	11.015	0	0	0	1	1788313625.641814	1788313625.815875	179632537	179633968
2026-09-02T01:43:24Z	2a8202573382705a9d423e5818e57d59e774bf3e	5a02941e176b9f49a05c37d8417a76b96b4a65bcf8812221a82d30ffd3ad5061	steeef	omz	2264a8042763edf2620cfe32d96b096e1f3d26aa	2264a8042763edf2620cfe32d96b096e1f3d26aa	5.9	2.55.0	1000	150	clean	12	11.216	11.216	0	0	0	1	1788313626.191466	1788313626.366041	179635705	179636904
2026-09-02T01:43:24Z	2a8202573382705a9d423e5818e57d59e774bf3e	5a02941e176b9f49a05c37d8417a76b96b4a65bcf8812221a82d30ffd3ad5061	steeef	omz	2264a8042763edf2620cfe32d96b096e1f3d26aa	2264a8042763edf2620cfe32d96b096e1f3d26aa	5.9	2.55.0	1000	150	clean	13	11.837	11.837	0	0	0	1	1788313626.739771	1788313626.917389	179638981	179639812
2026-09-02T01:43:24Z	2a8202573382705a9d423e5818e57d59e774bf3e	5a02941e176b9f49a05c37d8417a76b96b4a65bcf8812221a82d30ffd3ad5061	steeef	omz	2264a8042763edf2620cfe32d96b096e1f3d26aa	2264a8042763edf2620cfe32d96b096e1f3d26aa	5.9	2.55.0	1000	150	clean	14	10.012	10.012	0	0	0	1	1788313627.290256	1788313627.466777	179641689	179643214
2026-09-02T01:43:24Z	2a8202573382705a9d423e5818e57d59e774bf3e	5a02941e176b9f49a05c37d8417a76b96b4a65bcf8812221a82d30ffd3ad5061	steeef	omz	2264a8042763edf2620cfe32d96b096e1f3d26aa	2264a8042763edf2620cfe32d96b096e1f3d26aa	5.9	2.55.0	1000	150	clean	15	8.074	8.074	0	0	0	1	1788313627.850932	1788313628.025799	179645506	179646745
2026-09-02T01:43:24Z	2a8202573382705a9d423e5818e57d59e774bf3e	5a02941e176b9f49a05c37d8417a76b96b4a65bcf8812221a82d30ffd3ad5061	steeef	omz	2264a8042763edf2620cfe32d96b096e1f3d26aa	2264a8042763edf2620cfe32d96b096e1f3d26aa	5.9	2.55.0	1000	150	clean	16	10.178	10.178	0	0	0	1	1788313628.410159	1788313628.589211	179649628	179651030
2026-09-02T01:43:24Z	2a8202573382705a9d423e5818e57d59e774bf3e	5a02941e176b9f49a05c37d8417a76b96b4a65bcf8812221a82d30ffd3ad5061	steeef	omz	2264a8042763edf2620cfe32d96b096e1f3d26aa	2264a8042763edf2620cfe32d96b096e1f3d26aa	5.9	2.55.0	1000	150	clean	17	11.469	11.469	0	0	0	1	1788313628.964842	1788313629.144083	179653017	179654456
2026-09-02T01:43:24Z	2a8202573382705a9d423e5818e57d59e774bf3e	5a02941e176b9f49a05c37d8417a76b96b4a65bcf8812221a82d30ffd3ad5061	steeef	omz	2264a8042763edf2620cfe32d96b096e1f3d26aa	2264a8042763edf2620cfe32d96b096e1f3d26aa	5.9	2.55.0	1000	150	clean	18	11.046	11.046	0	0	0	1	1788313629.520081	1788313629.697567	179656411	179657597
2026-09-02T01:43:24Z	2a8202573382705a9d423e5818e57d59e774bf3e	5a02941e176b9f49a05c37d8417a76b96b4a65bcf8812221a82d30ffd3ad5061	steeef	omz	2264a8042763edf2620cfe32d96b096e1f3d26aa	2264a8042763edf2620cfe32d96b096e1f3d26aa	5.9	2.55.0	1000	150	clean	19	8.145	8.145	0	0	0	1	1788313630.078819	1788313630.254644	179660330	179661415
2026-09-02T01:43:24Z	2a8202573382705a9d423e5818e57d59e774bf3e	5a02941e176b9f49a05c37d8417a76b96b4a65bcf8812221a82d30ffd3ad5061	steeef	omz	2264a8042763edf2620cfe32d96b096e1f3d26aa	2264a8042763edf2620cfe32d96b096e1f3d26aa	5.9	2.55.0	1000	150	clean	20	13.026	13.026	0	0	0	1	1788313630.629923	1788313630.801582	179663788	179665434
2026-09-02T01:43:24Z	2a8202573382705a9d423e5818e57d59e774bf3e	5a02941e176b9f49a05c37d8417a76b96b4a65bcf8812221a82d30ffd3ad5061	steeef	omz	2264a8042763edf2620cfe32d96b096e1f3d26aa	2264a8042763edf2620cfe32d96b096e1f3d26aa	5.9	2.55.0	1000	150	dirty	1	11.029	11.029	0	0	0	0	1788313631.202457	1788313631.381587	179668851	179669827
2026-09-02T01:43:24Z	2a8202573382705a9d423e5818e57d59e774bf3e	5a02941e176b9f49a05c37d8417a76b96b4a65bcf8812221a82d30ffd3ad5061	steeef	omz	2264a8042763edf2620cfe32d96b096e1f3d26aa	2264a8042763edf2620cfe32d96b096e1f3d26aa	5.9	2.55.0	1000	150	dirty	2	13.495	13.495	0	0	0	0	1788313631.765115	1788313631.947958	179673479	179675304
2026-09-02T01:43:24Z	2a8202573382705a9d423e5818e57d59e774bf3e	5a02941e176b9f49a05c37d8417a76b96b4a65bcf8812221a82d30ffd3ad5061	steeef	omz	2264a8042763edf2620cfe32d96b096e1f3d26aa	2264a8042763edf2620cfe32d96b096e1f3d26aa	5.9	2.55.0	1000	150	dirty	3	10.901	10.901	0	0	0	0	1788313632.323863	1788313632.502234	179678747	179680003
2026-09-02T01:43:24Z	2a8202573382705a9d423e5818e57d59e774bf3e	5a02941e176b9f49a05c37d8417a76b96b4a65bcf8812221a82d30ffd3ad5061	steeef	omz	2264a8042763edf2620cfe32d96b096e1f3d26aa	2264a8042763edf2620cfe32d96b096e1f3d26aa	5.9	2.55.0	1000	150	dirty	4	11.115	11.115	0	0	0	0	1788313632.870003	1788313633.045776	179682505	179684925
2026-09-02T01:43:24Z	2a8202573382705a9d423e5818e57d59e774bf3e	5a02941e176b9f49a05c37d8417a76b96b4a65bcf8812221a82d30ffd3ad5061	steeef	omz	2264a8042763edf2620cfe32d96b096e1f3d26aa	2264a8042763edf2620cfe32d96b096e1f3d26aa	5.9	2.55.0	1000	150	dirty	5	7.904	7.904	0	0	0	0	1788313633.426451	1788313633.602047	179687267	179688480
2026-09-02T01:43:24Z	2a8202573382705a9d423e5818e57d59e774bf3e	5a02941e176b9f49a05c37d8417a76b96b4a65bcf8812221a82d30ffd3ad5061	steeef	omz	2264a8042763edf2620cfe32d96b096e1f3d26aa	2264a8042763edf2620cfe32d96b096e1f3d26aa	5.9	2.55.0	1000	150	dirty	6	12.720	12.720	0	0	0	0	1788313633.990460	1788313634.159002	179692814	179693927
2026-09-02T01:43:24Z	2a8202573382705a9d423e5818e57d59e774bf3e	5a02941e176b9f49a05c37d8417a76b96b4a65bcf8812221a82d30ffd3ad5061	steeef	omz	2264a8042763edf2620cfe32d96b096e1f3d26aa	2264a8042763edf2620cfe32d96b096e1f3d26aa	5.9	2.55.0	1000	150	dirty	7	10.818	10.818	0	0	0	0	1788313634.525117	1788313634.706710	179695699	179698361
2026-09-02T01:43:24Z	2a8202573382705a9d423e5818e57d59e774bf3e	5a02941e176b9f49a05c37d8417a76b96b4a65bcf8812221a82d30ffd3ad5061	steeef	omz	2264a8042763edf2620cfe32d96b096e1f3d26aa	2264a8042763edf2620cfe32d96b096e1f3d26aa	5.9	2.55.0	1000	150	dirty	8	10.839	10.839	0	0	0	0	1788313635.083302	1788313635.255280	179702581	179703656
2026-09-02T01:43:24Z	2a8202573382705a9d423e5818e57d59e774bf3e	5a02941e176b9f49a05c37d8417a76b96b4a65bcf8812221a82d30ffd3ad5061	steeef	omz	2264a8042763edf2620cfe32d96b096e1f3d26aa	2264a8042763edf2620cfe32d96b096e1f3d26aa	5.9	2.55.0	1000	150	dirty	9	11.139	11.139	0	0	0	0	1788313635.618187	1788313635.791368	179705524	179706076
2026-09-02T01:43:24Z	2a8202573382705a9d423e5818e57d59e774bf3e	5a02941e176b9f49a05c37d8417a76b96b4a65bcf8812221a82d30ffd3ad5061	steeef	omz	2264a8042763edf2620cfe32d96b096e1f3d26aa	2264a8042763edf2620cfe32d96b096e1f3d26aa	5.9	2.55.0	1000	150	dirty	10	8.305	8.305	0	0	0	0	1788313636.171607	1788313636.345222	179708694	179709659
2026-09-02T01:43:24Z	2a8202573382705a9d423e5818e57d59e774bf3e	5a02941e176b9f49a05c37d8417a76b96b4a65bcf8812221a82d30ffd3ad5061	steeef	omz	2264a8042763edf2620cfe32d96b096e1f3d26aa	2264a8042763edf2620cfe32d96b096e1f3d26aa	5.9	2.55.0	1000	150	dirty	11	8.178	8.178	0	0	0	0	1788313636.717265	1788313636.882197	179711935	179713438
2026-09-02T01:43:24Z	2a8202573382705a9d423e5818e57d59e774bf3e	5a02941e176b9f49a05c37d8417a76b96b4a65bcf8812221a82d30ffd3ad5061	steeef	omz	2264a8042763edf2620cfe32d96b096e1f3d26aa	2264a8042763edf2620cfe32d96b096e1f3d26aa	5.9	2.55.0	1000	150	dirty	12	13.151	13.151	0	0	0	0	1788313637.262204	1788313637.432096	179716614	179717948
2026-09-02T01:43:24Z	2a8202573382705a9d423e5818e57d59e774bf3e	5a02941e176b9f49a05c37d8417a76b96b4a65bcf8812221a82d30ffd3ad5061	steeef	omz	2264a8042763edf2620cfe32d96b096e1f3d26aa	2264a8042763edf2620cfe32d96b096e1f3d26aa	5.9	2.55.0	1000	150	dirty	13	10.056	10.056	0	0	0	0	1788313637.810775	1788313637.987940	179720839	179722073
2026-09-02T01:43:24Z	2a8202573382705a9d423e5818e57d59e774bf3e	5a02941e176b9f49a05c37d8417a76b96b4a65bcf8812221a82d30ffd3ad5061	steeef	omz	2264a8042763edf2620cfe32d96b096e1f3d26aa	2264a8042763edf2620cfe32d96b096e1f3d26aa	5.9	2.55.0	1000	150	dirty	14	8.036	8.036	0	0	0	0	1788313638.368306	1788313638.542459	179725031	179726618
2026-09-02T01:43:24Z	2a8202573382705a9d423e5818e57d59e774bf3e	5a02941e176b9f49a05c37d8417a76b96b4a65bcf8812221a82d30ffd3ad5061	steeef	omz	2264a8042763edf2620cfe32d96b096e1f3d26aa	2264a8042763edf2620cfe32d96b096e1f3d26aa	5.9	2.55.0	1000	150	dirty	15	11.404	11.404	0	0	0	0	1788313638.914813	1788313639.086878	179729494	179731723
2026-09-02T01:43:24Z	2a8202573382705a9d423e5818e57d59e774bf3e	5a02941e176b9f49a05c37d8417a76b96b4a65bcf8812221a82d30ffd3ad5061	steeef	omz	2264a8042763edf2620cfe32d96b096e1f3d26aa	2264a8042763edf2620cfe32d96b096e1f3d26aa	5.9	2.55.0	1000	150	dirty	16	10.476	10.476	0	0	0	0	1788313639.459516	1788313639.633190	179734639	179737251
2026-09-02T01:43:24Z	2a8202573382705a9d423e5818e57d59e774bf3e	5a02941e176b9f49a05c37d8417a76b96b4a65bcf8812221a82d30ffd3ad5061	steeef	omz	2264a8042763edf2620cfe32d96b096e1f3d26aa	2264a8042763edf2620cfe32d96b096e1f3d26aa	5.9	2.55.0	1000	150	dirty	17	11.163	11.163	0	0	0	0	1788313640.001326	1788313640.169233	179739847	179741273
2026-09-02T01:43:24Z	2a8202573382705a9d423e5818e57d59e774bf3e	5a02941e176b9f49a05c37d8417a76b96b4a65bcf8812221a82d30ffd3ad5061	steeef	omz	2264a8042763edf2620cfe32d96b096e1f3d26aa	2264a8042763edf2620cfe32d96b096e1f3d26aa	5.9	2.55.0	1000	150	dirty	18	8.035	8.035	0	0	0	0	1788313640.555623	1788313640.731673	179744172	179745445
2026-09-02T01:43:24Z	2a8202573382705a9d423e5818e57d59e774bf3e	5a02941e176b9f49a05c37d8417a76b96b4a65bcf8812221a82d30ffd3ad5061	steeef	omz	2264a8042763edf2620cfe32d96b096e1f3d26aa	2264a8042763edf2620cfe32d96b096e1f3d26aa	5.9	2.55.0	1000	150	dirty	19	10.473	10.473	0	0	0	0	1788313641.108136	1788313641.280105	179748095	179749099
2026-09-02T01:43:24Z	2a8202573382705a9d423e5818e57d59e774bf3e	5a02941e176b9f49a05c37d8417a76b96b4a65bcf8812221a82d30ffd3ad5061	steeef	omz	2264a8042763edf2620cfe32d96b096e1f3d26aa	2264a8042763edf2620cfe32d96b096e1f3d26aa	5.9	2.55.0	1000	150	dirty	20	12.549	12.549	0	0	0	0	1788313641.653158	1788313641.825750	179752500	179753320
2026-09-02T01:43:24Z	2a8202573382705a9d423e5818e57d59e774bf3e	5a02941e176b9f49a05c37d8417a76b96b4a65bcf8812221a82d30ffd3ad5061	steeef	omz	2264a8042763edf2620cfe32d96b096e1f3d26aa	2264a8042763edf2620cfe32d96b096e1f3d26aa	5.9	2.55.0	1000	150	untracked	1	11.899	11.899	0	0	0	0	1788313642.222816	1788313642.400594	179756318	179757818
2026-09-02T01:43:24Z	2a8202573382705a9d423e5818e57d59e774bf3e	5a02941e176b9f49a05c37d8417a76b96b4a65bcf8812221a82d30ffd3ad5061	steeef	omz	2264a8042763edf2620cfe32d96b096e1f3d26aa	2264a8042763edf2620cfe32d96b096e1f3d26aa	5.9	2.55.0	1000	150	untracked	2	12.134	12.134	0	0	0	0	1788313642.772516	1788313642.953071	179760081	179762149
2026-09-02T01:43:24Z	2a8202573382705a9d423e5818e57d59e774bf3e	5a02941e176b9f49a05c37d8417a76b96b4a65bcf8812221a82d30ffd3ad5061	steeef	omz	2264a8042763edf2620cfe32d96b096e1f3d26aa	2264a8042763edf2620cfe32d96b096e1f3d26aa	5.9	2.55.0	1000	150	untracked	3	8.233	8.233	0	0	0	0	1788313643.336061	1788313643.510044	179764926	179766134
2026-09-02T01:43:24Z	2a8202573382705a9d423e5818e57d59e774bf3e	5a02941e176b9f49a05c37d8417a76b96b4a65bcf8812221a82d30ffd3ad5061	steeef	omz	2264a8042763edf2620cfe32d96b096e1f3d26aa	2264a8042763edf2620cfe32d96b096e1f3d26aa	5.9	2.55.0	1000	150	untracked	4	12.863	12.863	0	0	0	0	1788313643.880300	1788313644.051235	179768705	179769111
2026-09-02T01:43:24Z	2a8202573382705a9d423e5818e57d59e774bf3e	5a02941e176b9f49a05c37d8417a76b96b4a65bcf8812221a82d30ffd3ad5061	steeef	omz	2264a8042763edf2620cfe32d96b096e1f3d26aa	2264a8042763edf2620cfe32d96b096e1f3d26aa	5.9	2.55.0	1000	150	untracked	5	10.240	10.240	0	0	0	0	1788313644.423986	1788313644.596993	179771716	179772817
2026-09-02T01:43:24Z	2a8202573382705a9d423e5818e57d59e774bf3e	5a02941e176b9f49a05c37d8417a76b96b4a65bcf8812221a82d30ffd3ad5061	steeef	omz	2264a8042763edf2620cfe32d96b096e1f3d26aa	2264a8042763edf2620cfe32d96b096e1f3d26aa	5.9	2.55.0	1000	150	untracked	6	10.799	10.799	0	0	0	0	1788313644.970739	1788313645.144079	179774968	179775728
2026-09-02T01:43:24Z	2a8202573382705a9d423e5818e57d59e774bf3e	5a02941e176b9f49a05c37d8417a76b96b4a65bcf8812221a82d30ffd3ad5061	steeef	omz	2264a8042763edf2620cfe32d96b096e1f3d26aa	2264a8042763edf2620cfe32d96b096e1f3d26aa	5.9	2.55.0	1000	150	untracked	7	12.178	12.178	0	0	0	0	1788313645.520925	1788313645.699659	179777748	179779455
2026-09-02T01:43:24Z	2a8202573382705a9d423e5818e57d59e774bf3e	5a02941e176b9f49a05c37d8417a76b96b4a65bcf8812221a82d30ffd3ad5061	steeef	omz	2264a8042763edf2620cfe32d96b096e1f3d26aa	2264a8042763edf2620cfe32d96b096e1f3d26aa	5.9	2.55.0	1000	150	untracked	8	11.059	11.059	0	0	0	0	1788313646.092821	1788313646.267226	179783993	179784998
2026-09-02T01:43:24Z	2a8202573382705a9d423e5818e57d59e774bf3e	5a02941e176b9f49a05c37d8417a76b96b4a65bcf8812221a82d30ffd3ad5061	steeef	omz	2264a8042763edf2620cfe32d96b096e1f3d26aa	2264a8042763edf2620cfe32d96b096e1f3d26aa	5.9	2.55.0	1000	150	untracked	9	12.990	12.990	0	0	0	0	1788313646.638843	1788313646.807790	179788528	179790145
2026-09-02T01:43:24Z	2a8202573382705a9d423e5818e57d59e774bf3e	5a02941e176b9f49a05c37d8417a76b96b4a65bcf8812221a82d30ffd3ad5061	steeef	omz	2264a8042763edf2620cfe32d96b096e1f3d26aa	2264a8042763edf2620cfe32d96b096e1f3d26aa	5.9	2.55.0	1000	150	untracked	10	13.870	13.870	0	0	0	0	1788313647.192176	1788313647.361673	179794453	179796068
2026-09-02T01:43:24Z	2a8202573382705a9d423e5818e57d59e774bf3e	5a02941e176b9f49a05c37d8417a76b96b4a65bcf8812221a82d30ffd3ad5061	steeef	omz	2264a8042763edf2620cfe32d96b096e1f3d26aa	2264a8042763edf2620cfe32d96b096e1f3d26aa	5.9	2.55.0	1000	150	untracked	11	10.443	10.443	0	0	0	0	1788313647.738743	1788313647.912523	179800798	179802913
2026-09-02T01:43:24Z	2a8202573382705a9d423e5818e57d59e774bf3e	5a02941e176b9f49a05c37d8417a76b96b4a65bcf8812221a82d30ffd3ad5061	steeef	omz	2264a8042763edf2620cfe32d96b096e1f3d26aa	2264a8042763edf2620cfe32d96b096e1f3d26aa	5.9	2.55.0	1000	150	untracked	12	12.712	12.712	0	0	0	0	1788313648.289097	1788313648.467702	179805219	179808146
2026-09-02T01:43:24Z	2a8202573382705a9d423e5818e57d59e774bf3e	5a02941e176b9f49a05c37d8417a76b96b4a65bcf8812221a82d30ffd3ad5061	steeef	omz	2264a8042763edf2620cfe32d96b096e1f3d26aa	2264a8042763edf2620cfe32d96b096e1f3d26aa	5.9	2.55.0	1000	150	untracked	13	12.854	12.854	0	0	0	0	1788313648.849054	1788313649.018274	179811752	179813935
2026-09-02T01:43:24Z	2a8202573382705a9d423e5818e57d59e774bf3e	5a02941e176b9f49a05c37d8417a76b96b4a65bcf8812221a82d30ffd3ad5061	steeef	omz	2264a8042763edf2620cfe32d96b096e1f3d26aa	2264a8042763edf2620cfe32d96b096e1f3d26aa	5.9	2.55.0	1000	150	untracked	14	12.986	12.986	0	0	0	0	1788313649.408822	1788313649.578471	179816210	179817736
2026-09-02T01:43:24Z	2a8202573382705a9d423e5818e57d59e774bf3e	5a02941e176b9f49a05c37d8417a76b96b4a65bcf8812221a82d30ffd3ad5061	steeef	omz	2264a8042763edf2620cfe32d96b096e1f3d26aa	2264a8042763edf2620cfe32d96b096e1f3d26aa	5.9	2.55.0	1000	150	untracked	15	10.863	10.863	0	0	0	0	1788313649.954253	1788313650.126604	179821197	179822138
2026-09-02T01:43:24Z	2a8202573382705a9d423e5818e57d59e774bf3e	5a02941e176b9f49a05c37d8417a76b96b4a65bcf8812221a82d30ffd3ad5061	steeef	omz	2264a8042763edf2620cfe32d96b096e1f3d26aa	2264a8042763edf2620cfe32d96b096e1f3d26aa	5.9	2.55.0	1000	150	untracked	16	12.838	12.838	0	0	0	0	1788313650.517888	1788313650.685793	179826479	179828822
2026-09-02T01:43:24Z	2a8202573382705a9d423e5818e57d59e774bf3e	5a02941e176b9f49a05c37d8417a76b96b4a65bcf8812221a82d30ffd3ad5061	steeef	omz	2264a8042763edf2620cfe32d96b096e1f3d26aa	2264a8042763edf2620cfe32d96b096e1f3d26aa	5.9	2.55.0	1000	150	untracked	17	10.273	10.273	0	0	0	0	1788313651.076813	1788313651.250230	179830940	179832006
2026-09-02T01:43:24Z	2a8202573382705a9d423e5818e57d59e774bf3e	5a02941e176b9f49a05c37d8417a76b96b4a65bcf8812221a82d30ffd3ad5061	steeef	omz	2264a8042763edf2620cfe32d96b096e1f3d26aa	2264a8042763edf2620cfe32d96b096e1f3d26aa	5.9	2.55.0	1000	150	untracked	18	10.270	10.270	0	0	0	0	1788313651.623610	1788313651.798732	179834102	179835027
2026-09-02T01:43:24Z	2a8202573382705a9d423e5818e57d59e774bf3e	5a02941e176b9f49a05c37d8417a76b96b4a65bcf8812221a82d30ffd3ad5061	steeef	omz	2264a8042763edf2620cfe32d96b096e1f3d26aa	2264a8042763edf2620cfe32d96b096e1f3d26aa	5.9	2.55.0	1000	150	untracked	19	10.393	10.393	0	0	0	0	1788313652.175033	1788313652.349065	179838954	179840121
2026-09-02T01:43:24Z	2a8202573382705a9d423e5818e57d59e774bf3e	5a02941e176b9f49a05c37d8417a76b96b4a65bcf8812221a82d30ffd3ad5061	steeef	omz	2264a8042763edf2620cfe32d96b096e1f3d26aa	2264a8042763edf2620cfe32d96b096e1f3d26aa	5.9	2.55.0	1000	150	untracked	20	12.892	12.892	0	0	0	0	1788313652.725071	1788313652.893889	179843850	179844865
2026-09-02T01:43:24Z	2a8202573382705a9d423e5818e57d59e774bf3e	5a02941e176b9f49a05c37d8417a76b96b4a65bcf8812221a82d30ffd3ad5061	apple	omz	2264a8042763edf2620cfe32d96b096e1f3d26aa	2264a8042763edf2620cfe32d96b096e1f3d26aa	5.9	2.55.0	1000	150	clean	1	41.451	41.451	0	7	7	1	1788313654.755061	1788313654.965657	179853561	179855365
2026-09-02T01:43:24Z	2a8202573382705a9d423e5818e57d59e774bf3e	5a02941e176b9f49a05c37d8417a76b96b4a65bcf8812221a82d30ffd3ad5061	apple	omz	2264a8042763edf2620cfe32d96b096e1f3d26aa	2264a8042763edf2620cfe32d96b096e1f3d26aa	5.9	2.55.0	1000	150	clean	2	38.783	38.783	0	7	7	1	1788313655.409355	1788313655.610675	179858829	179861065
2026-09-02T01:43:24Z	2a8202573382705a9d423e5818e57d59e774bf3e	5a02941e176b9f49a05c37d8417a76b96b4a65bcf8812221a82d30ffd3ad5061	apple	omz	2264a8042763edf2620cfe32d96b096e1f3d26aa	2264a8042763edf2620cfe32d96b096e1f3d26aa	5.9	2.55.0	1000	150	clean	3	37.400	37.400	0	7	7	1	1788313656.037605	1788313656.239394	179864292	179865402
2026-09-02T01:43:24Z	2a8202573382705a9d423e5818e57d59e774bf3e	5a02941e176b9f49a05c37d8417a76b96b4a65bcf8812221a82d30ffd3ad5061	apple	omz	2264a8042763edf2620cfe32d96b096e1f3d26aa	2264a8042763edf2620cfe32d96b096e1f3d26aa	5.9	2.55.0	1000	150	clean	4	36.134	36.134	0	7	7	1	1788313656.668099	1788313656.868116	179867827	179869166
2026-09-02T01:43:24Z	2a8202573382705a9d423e5818e57d59e774bf3e	5a02941e176b9f49a05c37d8417a76b96b4a65bcf8812221a82d30ffd3ad5061	apple	omz	2264a8042763edf2620cfe32d96b096e1f3d26aa	2264a8042763edf2620cfe32d96b096e1f3d26aa	5.9	2.55.0	1000	150	clean	5	40.922	40.922	0	7	7	1	1788313657.306562	1788313657.518939	179871849	179872976
2026-09-02T01:43:24Z	2a8202573382705a9d423e5818e57d59e774bf3e	5a02941e176b9f49a05c37d8417a76b96b4a65bcf8812221a82d30ffd3ad5061	apple	omz	2264a8042763edf2620cfe32d96b096e1f3d26aa	2264a8042763edf2620cfe32d96b096e1f3d26aa	5.9	2.55.0	1000	150	clean	6	36.959	36.959	0	7	7	1	1788313657.941410	1788313658.136805	179875187	179876708
2026-09-02T01:43:24Z	2a8202573382705a9d423e5818e57d59e774bf3e	5a02941e176b9f49a05c37d8417a76b96b4a65bcf8812221a82d30ffd3ad5061	apple	omz	2264a8042763edf2620cfe32d96b096e1f3d26aa	2264a8042763edf2620cfe32d96b096e1f3d26aa	5.9	2.55.0	1000	150	clean	7	37.065	37.065	0	7	7	1	1788313658.574381	1788313658.775064	179879139	179880176
2026-09-02T01:43:24Z	2a8202573382705a9d423e5818e57d59e774bf3e	5a02941e176b9f49a05c37d8417a76b96b4a65bcf8812221a82d30ffd3ad5061	apple	omz	2264a8042763edf2620cfe32d96b096e1f3d26aa	2264a8042763edf2620cfe32d96b096e1f3d26aa	5.9	2.55.0	1000	150	clean	8	38.184	38.184	0	7	7	1	1788313659.205508	1788313659.409965	179882436	179883773
2026-09-02T01:43:24Z	2a8202573382705a9d423e5818e57d59e774bf3e	5a02941e176b9f49a05c37d8417a76b96b4a65bcf8812221a82d30ffd3ad5061	apple	omz	2264a8042763edf2620cfe32d96b096e1f3d26aa	2264a8042763edf2620cfe32d96b096e1f3d26aa	5.9	2.55.0	1000	150	clean	9	41.567	41.567	0	7	7	1	1788313659.830666	1788313660.038992	179887151	179888527
2026-09-02T01:43:24Z	2a8202573382705a9d423e5818e57d59e774bf3e	5a02941e176b9f49a05c37d8417a76b96b4a65bcf8812221a82d30ffd3ad5061	apple	omz	2264a8042763edf2620cfe32d96b096e1f3d26aa	2264a8042763edf2620cfe32d96b096e1f3d26aa	5.9	2.55.0	1000	150	clean	10	40.363	40.363	0	7	7	1	1788313660.464774	1788313660.669626	179892564	179893650
2026-09-02T01:43:24Z	2a8202573382705a9d423e5818e57d59e774bf3e	5a02941e176b9f49a05c37d8417a76b96b4a65bcf8812221a82d30ffd3ad5061	apple	omz	2264a8042763edf2620cfe32d96b096e1f3d26aa	2264a8042763edf2620cfe32d96b096e1f3d26aa	5.9	2.55.0	1000	150	clean	11	40.849	40.849	0	7	7	1	1788313661.102358	1788313661.310416	179897005	179899248
2026-09-02T01:43:24Z	2a8202573382705a9d423e5818e57d59e774bf3e	5a02941e176b9f49a05c37d8417a76b96b4a65bcf8812221a82d30ffd3ad5061	apple	omz	2264a8042763edf2620cfe32d96b096e1f3d26aa	2264a8042763edf2620cfe32d96b096e1f3d26aa	5.9	2.55.0	1000	150	clean	12	36.232	36.232	0	7	7	1	1788313661.736408	1788313661.933300	179901870	179903598
2026-09-02T01:43:24Z	2a8202573382705a9d423e5818e57d59e774bf3e	5a02941e176b9f49a05c37d8417a76b96b4a65bcf8812221a82d30ffd3ad5061	apple	omz	2264a8042763edf2620cfe32d96b096e1f3d26aa	2264a8042763edf2620cfe32d96b096e1f3d26aa	5.9	2.55.0	1000	150	clean	13	37.351	37.351	0	7	7	1	1788313662.354264	1788313662.556595	179906223	179907552
2026-09-02T01:43:24Z	2a8202573382705a9d423e5818e57d59e774bf3e	5a02941e176b9f49a05c37d8417a76b96b4a65bcf8812221a82d30ffd3ad5061	apple	omz	2264a8042763edf2620cfe32d96b096e1f3d26aa	2264a8042763edf2620cfe32d96b096e1f3d26aa	5.9	2.55.0	1000	150	clean	14	37.468	37.468	0	7	7	1	1788313662.984680	1788313663.178135	179909833	179911922
2026-09-02T01:43:24Z	2a8202573382705a9d423e5818e57d59e774bf3e	5a02941e176b9f49a05c37d8417a76b96b4a65bcf8812221a82d30ffd3ad5061	apple	omz	2264a8042763edf2620cfe32d96b096e1f3d26aa	2264a8042763edf2620cfe32d96b096e1f3d26aa	5.9	2.55.0	1000	150	clean	15	38.809	38.809	0	7	7	1	1788313663.596085	1788313663.803618	179914421	179915800
2026-09-02T01:43:24Z	2a8202573382705a9d423e5818e57d59e774bf3e	5a02941e176b9f49a05c37d8417a76b96b4a65bcf8812221a82d30ffd3ad5061	apple	omz	2264a8042763edf2620cfe32d96b096e1f3d26aa	2264a8042763edf2620cfe32d96b096e1f3d26aa	5.9	2.55.0	1000	150	clean	16	37.903	37.903	0	7	7	1	1788313664.226552	1788313664.432555	179919217	179920111
2026-09-02T01:43:24Z	2a8202573382705a9d423e5818e57d59e774bf3e	5a02941e176b9f49a05c37d8417a76b96b4a65bcf8812221a82d30ffd3ad5061	apple	omz	2264a8042763edf2620cfe32d96b096e1f3d26aa	2264a8042763edf2620cfe32d96b096e1f3d26aa	5.9	2.55.0	1000	150	clean	17	49.635	49.635	0	7	7	1	1788313664.867250	1788313665.083290	179923865	179927959
2026-09-02T01:43:24Z	2a8202573382705a9d423e5818e57d59e774bf3e	5a02941e176b9f49a05c37d8417a76b96b4a65bcf8812221a82d30ffd3ad5061	apple	omz	2264a8042763edf2620cfe32d96b096e1f3d26aa	2264a8042763edf2620cfe32d96b096e1f3d26aa	5.9	2.55.0	1000	150	clean	18	38.793	38.793	0	7	7	1	1788313665.515884	1788313665.722788	179930801	179932099
2026-09-02T01:43:24Z	2a8202573382705a9d423e5818e57d59e774bf3e	5a02941e176b9f49a05c37d8417a76b96b4a65bcf8812221a82d30ffd3ad5061	apple	omz	2264a8042763edf2620cfe32d96b096e1f3d26aa	2264a8042763edf2620cfe32d96b096e1f3d26aa	5.9	2.55.0	1000	150	clean	19	42.325	42.325	0	7	7	1	1788313666.144345	1788313666.343137	179934431	179935766
2026-09-02T01:43:24Z	2a8202573382705a9d423e5818e57d59e774bf3e	5a02941e176b9f49a05c37d8417a76b96b4a65bcf8812221a82d30ffd3ad5061	apple	omz	2264a8042763edf2620cfe32d96b096e1f3d26aa	2264a8042763edf2620cfe32d96b096e1f3d26aa	5.9	2.55.0	1000	150	clean	20	36.291	36.291	0	7	7	1	1788313666.774293	1788313666.980476	179937995	179940184
2026-09-02T01:43:24Z	2a8202573382705a9d423e5818e57d59e774bf3e	5a02941e176b9f49a05c37d8417a76b96b4a65bcf8812221a82d30ffd3ad5061	apple	omz	2264a8042763edf2620cfe32d96b096e1f3d26aa	2264a8042763edf2620cfe32d96b096e1f3d26aa	5.9	2.55.0	1000	150	dirty	1	37.490	37.490	0	7	7	1	1788313667.434736	1788313667.640596	179943292	179945624
2026-09-02T01:43:24Z	2a8202573382705a9d423e5818e57d59e774bf3e	5a02941e176b9f49a05c37d8417a76b96b4a65bcf8812221a82d30ffd3ad5061	apple	omz	2264a8042763edf2620cfe32d96b096e1f3d26aa	2264a8042763edf2620cfe32d96b096e1f3d26aa	5.9	2.55.0	1000	150	dirty	2	41.906	41.906	0	7	7	1	1788313668.086042	1788313668.296092	179948243	179950112
2026-09-02T01:43:24Z	2a8202573382705a9d423e5818e57d59e774bf3e	5a02941e176b9f49a05c37d8417a76b96b4a65bcf8812221a82d30ffd3ad5061	apple	omz	2264a8042763edf2620cfe32d96b096e1f3d26aa	2264a8042763edf2620cfe32d96b096e1f3d26aa	5.9	2.55.0	1000	150	dirty	3	38.448	38.448	0	7	7	1	1788313668.737534	1788313668.937536	179952465	179953688
2026-09-02T01:43:24Z	2a8202573382705a9d423e5818e57d59e774bf3e	5a02941e176b9f49a05c37d8417a76b96b4a65bcf8812221a82d30ffd3ad5061	apple	omz	2264a8042763edf2620cfe32d96b096e1f3d26aa	2264a8042763edf2620cfe32d96b096e1f3d26aa	5.9	2.55.0	1000	150	dirty	4	37.679	37.679	0	7	7	1	1788313669.367397	1788313669.572743	179955874	179957113
2026-09-02T01:43:24Z	2a8202573382705a9d423e5818e57d59e774bf3e	5a02941e176b9f49a05c37d8417a76b96b4a65bcf8812221a82d30ffd3ad5061	apple	omz	2264a8042763edf2620cfe32d96b096e1f3d26aa	2264a8042763edf2620cfe32d96b096e1f3d26aa	5.9	2.55.0	1000	150	dirty	5	37.827	37.827	0	7	7	1	1788313670.022009	1788313670.228648	179959352	179960641
2026-09-02T01:43:24Z	2a8202573382705a9d423e5818e57d59e774bf3e	5a02941e176b9f49a05c37d8417a76b96b4a65bcf8812221a82d30ffd3ad5061	apple	omz	2264a8042763edf2620cfe32d96b096e1f3d26aa	2264a8042763edf2620cfe32d96b096e1f3d26aa	5.9	2.55.0	1000	150	dirty	6	42.401	42.401	0	7	7	1	1788313670.659257	1788313670.869899	179963903	179965009
2026-09-02T01:43:24Z	2a8202573382705a9d423e5818e57d59e774bf3e	5a02941e176b9f49a05c37d8417a76b96b4a65bcf8812221a82d30ffd3ad5061	apple	omz	2264a8042763edf2620cfe32d96b096e1f3d26aa	2264a8042763edf2620cfe32d96b096e1f3d26aa	5.9	2.55.0	1000	150	dirty	7	41.301	41.301	0	7	7	1	1788313671.309644	1788313671.513594	179967387	179968256
2026-09-02T01:43:24Z	2a8202573382705a9d423e5818e57d59e774bf3e	5a02941e176b9f49a05c37d8417a76b96b4a65bcf8812221a82d30ffd3ad5061	apple	omz	2264a8042763edf2620cfe32d96b096e1f3d26aa	2264a8042763edf2620cfe32d96b096e1f3d26aa	5.9	2.55.0	1000	150	dirty	8	37.462	37.462	0	7	7	1	1788313671.958941	1788313672.154607	179971325	179972597
2026-09-02T01:43:24Z	2a8202573382705a9d423e5818e57d59e774bf3e	5a02941e176b9f49a05c37d8417a76b96b4a65bcf8812221a82d30ffd3ad5061	apple	omz	2264a8042763edf2620cfe32d96b096e1f3d26aa	2264a8042763edf2620cfe32d96b096e1f3d26aa	5.9	2.55.0	1000	150	dirty	9	36.950	36.950	0	7	7	1	1788313672.592983	1788313672.791975	179977109	179978604
2026-09-02T01:43:24Z	2a8202573382705a9d423e5818e57d59e774bf3e	5a02941e176b9f49a05c37d8417a76b96b4a65bcf8812221a82d30ffd3ad5061	apple	omz	2264a8042763edf2620cfe32d96b096e1f3d26aa	2264a8042763edf2620cfe32d96b096e1f3d26aa	5.9	2.55.0	1000	150	dirty	10	37.364	37.364	0	7	7	1	1788313673.228463	1788313673.421768	179981575	179983115
2026-09-02T01:43:24Z	2a8202573382705a9d423e5818e57d59e774bf3e	5a02941e176b9f49a05c37d8417a76b96b4a65bcf8812221a82d30ffd3ad5061	apple	omz	2264a8042763edf2620cfe32d96b096e1f3d26aa	2264a8042763edf2620cfe32d96b096e1f3d26aa	5.9	2.55.0	1000	150	dirty	11	38.432	38.432	0	7	7	1	1788313673.869849	1788313674.064233	179986544	179987629
2026-09-02T01:43:24Z	2a8202573382705a9d423e5818e57d59e774bf3e	5a02941e176b9f49a05c37d8417a76b96b4a65bcf8812221a82d30ffd3ad5061	apple	omz	2264a8042763edf2620cfe32d96b096e1f3d26aa	2264a8042763edf2620cfe32d96b096e1f3d26aa	5.9	2.55.0	1000	150	dirty	12	42.518	42.518	0	7	7	1	1788313674.496725	1788313674.700890	179989504	179991090
2026-09-02T01:43:24Z	2a8202573382705a9d423e5818e57d59e774bf3e	5a02941e176b9f49a05c37d8417a76b96b4a65bcf8812221a82d30ffd3ad5061	apple	omz	2264a8042763edf2620cfe32d96b096e1f3d26aa	2264a8042763edf2620cfe32d96b096e1f3d26aa	5.9	2.55.0	1000	150	dirty	13	37.500	37.500	0	7	7	1	1788313675.134611	1788313675.327535	179993520	179995285
2026-09-02T01:43:24Z	2a8202573382705a9d423e5818e57d59e774bf3e	5a02941e176b9f49a05c37d8417a76b96b4a65bcf8812221a82d30ffd3ad5061	apple	omz	2264a8042763edf2620cfe32d96b096e1f3d26aa	2264a8042763edf2620cfe32d96b096e1f3d26aa	5.9	2.55.0	1000	150	dirty	14	37.382	37.382	0	7	7	1	1788313675.772002	1788313675.967276	179997432	179998299
2026-09-02T01:43:24Z	2a8202573382705a9d423e5818e57d59e774bf3e	5a02941e176b9f49a05c37d8417a76b96b4a65bcf8812221a82d30ffd3ad5061	apple	omz	2264a8042763edf2620cfe32d96b096e1f3d26aa	2264a8042763edf2620cfe32d96b096e1f3d26aa	5.9	2.55.0	1000	150	dirty	15	40.211	40.211	0	7	7	1	1788313676.406694	1788313676.603497	180000824	180002859
2026-09-02T01:43:24Z	2a8202573382705a9d423e5818e57d59e774bf3e	5a02941e176b9f49a05c37d8417a76b96b4a65bcf8812221a82d30ffd3ad5061	apple	omz	2264a8042763edf2620cfe32d96b096e1f3d26aa	2264a8042763edf2620cfe32d96b096e1f3d26aa	5.9	2.55.0	1000	150	dirty	16	36.801	36.801	0	7	7	1	1788313677.034135	1788313677.236980	180006099	180007773
2026-09-02T01:43:24Z	2a8202573382705a9d423e5818e57d59e774bf3e	5a02941e176b9f49a05c37d8417a76b96b4a65bcf8812221a82d30ffd3ad5061	apple	omz	2264a8042763edf2620cfe32d96b096e1f3d26aa	2264a8042763edf2620cfe32d96b096e1f3d26aa	5.9	2.55.0	1000	150	dirty	17	37.288	37.288	0	7	7	1	1788313677.666317	1788313677.861509	180010099	180011296
2026-09-02T01:43:24Z	2a8202573382705a9d423e5818e57d59e774bf3e	5a02941e176b9f49a05c37d8417a76b96b4a65bcf8812221a82d30ffd3ad5061	apple	omz	2264a8042763edf2620cfe32d96b096e1f3d26aa	2264a8042763edf2620cfe32d96b096e1f3d26aa	5.9	2.55.0	1000	150	dirty	18	37.713	37.713	0	7	7	1	1788313678.284905	1788313678.484223	180013218	180014864
2026-09-02T01:43:24Z	2a8202573382705a9d423e5818e57d59e774bf3e	5a02941e176b9f49a05c37d8417a76b96b4a65bcf8812221a82d30ffd3ad5061	apple	omz	2264a8042763edf2620cfe32d96b096e1f3d26aa	2264a8042763edf2620cfe32d96b096e1f3d26aa	5.9	2.55.0	1000	150	dirty	19	36.605	36.605	0	7	7	1	1788313678.917088	1788313679.113114	180018578	180019593
2026-09-02T01:43:24Z	2a8202573382705a9d423e5818e57d59e774bf3e	5a02941e176b9f49a05c37d8417a76b96b4a65bcf8812221a82d30ffd3ad5061	apple	omz	2264a8042763edf2620cfe32d96b096e1f3d26aa	2264a8042763edf2620cfe32d96b096e1f3d26aa	5.9	2.55.0	1000	150	dirty	20	36.856	36.856	0	7	7	1	1788313679.554096	1788313679.747088	180021917	180023244
2026-09-02T01:43:24Z	2a8202573382705a9d423e5818e57d59e774bf3e	5a02941e176b9f49a05c37d8417a76b96b4a65bcf8812221a82d30ffd3ad5061	apple	omz	2264a8042763edf2620cfe32d96b096e1f3d26aa	2264a8042763edf2620cfe32d96b096e1f3d26aa	5.9	2.55.0	1000	150	untracked	1	39.041	39.041	0	7	7	1	1788313680.202668	1788313680.404147	180025644	180026946
2026-09-02T01:43:24Z	2a8202573382705a9d423e5818e57d59e774bf3e	5a02941e176b9f49a05c37d8417a76b96b4a65bcf8812221a82d30ffd3ad5061	apple	omz	2264a8042763edf2620cfe32d96b096e1f3d26aa	2264a8042763edf2620cfe32d96b096e1f3d26aa	5.9	2.55.0	1000	150	untracked	2	45.271	45.271	0	7	7	1	1788313680.850601	1788313681.059617	180030384	180031510
2026-09-02T01:43:24Z	2a8202573382705a9d423e5818e57d59e774bf3e	5a02941e176b9f49a05c37d8417a76b96b4a65bcf8812221a82d30ffd3ad5061	apple	omz	2264a8042763edf2620cfe32d96b096e1f3d26aa	2264a8042763edf2620cfe32d96b096e1f3d26aa	5.9	2.55.0	1000	150	untracked	3	39.106	39.106	0	7	7	1	1788313681.517179	1788313681.717651	180033658	180034941
2026-09-02T01:43:24Z	2a8202573382705a9d423e5818e57d59e774bf3e	5a02941e176b9f49a05c37d8417a76b96b4a65bcf8812221a82d30ffd3ad5061	apple	omz	2264a8042763edf2620cfe32d96b096e1f3d26aa	2264a8042763edf2620cfe32d96b096e1f3d26aa	5.9	2.55.0	1000	150	untracked	4	39.725	39.725	0	7	7	1	1788313682.149204	1788313682.347619	180037344	180038403
2026-09-02T01:43:24Z	2a8202573382705a9d423e5818e57d59e774bf3e	5a02941e176b9f49a05c37d8417a76b96b4a65bcf8812221a82d30ffd3ad5061	apple	omz	2264a8042763edf2620cfe32d96b096e1f3d26aa	2264a8042763edf2620cfe32d96b096e1f3d26aa	5.9	2.55.0	1000	150	untracked	5	39.804	39.804	0	7	7	1	1788313682.783971	1788313682.984767	180040896	180042827
2026-09-02T01:43:24Z	2a8202573382705a9d423e5818e57d59e774bf3e	5a02941e176b9f49a05c37d8417a76b96b4a65bcf8812221a82d30ffd3ad5061	apple	omz	2264a8042763edf2620cfe32d96b096e1f3d26aa	2264a8042763edf2620cfe32d96b096e1f3d26aa	5.9	2.55.0	1000	150	untracked	6	39.131	39.131	0	7	7	1	1788313683.422412	1788313683.626497	180045848	180047402
2026-09-02T01:43:24Z	2a8202573382705a9d423e5818e57d59e774bf3e	5a02941e176b9f49a05c37d8417a76b96b4a65bcf8812221a82d30ffd3ad5061	apple	omz	2264a8042763edf2620cfe32d96b096e1f3d26aa	2264a8042763edf2620cfe32d96b096e1f3d26aa	5.9	2.55.0	1000	150	untracked	7	44.060	44.060	0	7	7	1	1788313684.072110	1788313684.273730	180050569	180051603
2026-09-02T01:43:24Z	2a8202573382705a9d423e5818e57d59e774bf3e	5a02941e176b9f49a05c37d8417a76b96b4a65bcf8812221a82d30ffd3ad5061	apple	omz	2264a8042763edf2620cfe32d96b096e1f3d26aa	2264a8042763edf2620cfe32d96b096e1f3d26aa	5.9	2.55.0	1000	150	untracked	8	37.017	37.017	0	7	7	1	1788313684.712274	1788313684.912952	180054555	180055850
2026-09-02T01:43:24Z	2a8202573382705a9d423e5818e57d59e774bf3e	5a02941e176b9f49a05c37d8417a76b96b4a65bcf8812221a82d30ffd3ad5061	apple	omz	2264a8042763edf2620cfe32d96b096e1f3d26aa	2264a8042763edf2620cfe32d96b096e1f3d26aa	5.9	2.55.0	1000	150	untracked	9	43.076	43.076	0	7	7	1	1788313685.350499	1788313685.552442	180059958	180061193
2026-09-02T01:43:24Z	2a8202573382705a9d423e5818e57d59e774bf3e	5a02941e176b9f49a05c37d8417a76b96b4a65bcf8812221a82d30ffd3ad5061	apple	omz	2264a8042763edf2620cfe32d96b096e1f3d26aa	2264a8042763edf2620cfe32d96b096e1f3d26aa	5.9	2.55.0	1000	150	untracked	10	40.732	40.732	0	7	7	1	1788313685.984511	1788313686.190693	180064049	180065283
2026-09-02T01:43:24Z	2a8202573382705a9d423e5818e57d59e774bf3e	5a02941e176b9f49a05c37d8417a76b96b4a65bcf8812221a82d30ffd3ad5061	apple	omz	2264a8042763edf2620cfe32d96b096e1f3d26aa	2264a8042763edf2620cfe32d96b096e1f3d26aa	5.9	2.55.0	1000	150	untracked	11	38.781	38.781	0	7	7	1	1788313686.640599	1788313686.839334	180067566	180069061
2026-09-02T01:43:24Z	2a8202573382705a9d423e5818e57d59e774bf3e	5a02941e176b9f49a05c37d8417a76b96b4a65bcf8812221a82d30ffd3ad5061	apple	omz	2264a8042763edf2620cfe32d96b096e1f3d26aa	2264a8042763edf2620cfe32d96b096e1f3d26aa	5.9	2.55.0	1000	150	untracked	12	38.954	38.954	0	7	7	1	1788313687.270480	1788313687.468598	180071619	180073919
2026-09-02T01:43:24Z	2a8202573382705a9d423e5818e57d59e774bf3e	5a02941e176b9f49a05c37d8417a76b96b4a65bcf8812221a82d30ffd3ad5061	apple	omz	2264a8042763edf2620cfe32d96b096e1f3d26aa	2264a8042763edf2620cfe32d96b096e1f3d26aa	5.9	2.55.0	1000	150	untracked	13	41.770	41.770	0	7	7	1	1788313687.905265	1788313688.116025	180076369	180077797
2026-09-02T01:43:24Z	2a8202573382705a9d423e5818e57d59e774bf3e	5a02941e176b9f49a05c37d8417a76b96b4a65bcf8812221a82d30ffd3ad5061	apple	omz	2264a8042763edf2620cfe32d96b096e1f3d26aa	2264a8042763edf2620cfe32d96b096e1f3d26aa	5.9	2.55.0	1000	150	untracked	14	38.872	38.872	0	7	7	1	1788313688.572234	1788313688.776597	180080351	180082006
2026-09-02T01:43:24Z	2a8202573382705a9d423e5818e57d59e774bf3e	5a02941e176b9f49a05c37d8417a76b96b4a65bcf8812221a82d30ffd3ad5061	apple	omz	2264a8042763edf2620cfe32d96b096e1f3d26aa	2264a8042763edf2620cfe32d96b096e1f3d26aa	5.9	2.55.0	1000	150	untracked	15	44.780	44.780	0	7	7	1	1788313689.210462	1788313689.414267	180084393	180085503
2026-09-02T01:43:24Z	2a8202573382705a9d423e5818e57d59e774bf3e	5a02941e176b9f49a05c37d8417a76b96b4a65bcf8812221a82d30ffd3ad5061	apple	omz	2264a8042763edf2620cfe32d96b096e1f3d26aa	2264a8042763edf2620cfe32d96b096e1f3d26aa	5.9	2.55.0	1000	150	untracked	16	38.472	38.472	0	7	7	1	1788313689.838274	1788313690.042453	180088467	180090132
2026-09-02T01:43:24Z	2a8202573382705a9d423e5818e57d59e774bf3e	5a02941e176b9f49a05c37d8417a76b96b4a65bcf8812221a82d30ffd3ad5061	apple	omz	2264a8042763edf2620cfe32d96b096e1f3d26aa	2264a8042763edf2620cfe32d96b096e1f3d26aa	5.9	2.55.0	1000	150	untracked	17	41.479	41.479	0	7	7	1	1788313690.480103	1788313690.682884	180092876	180093918
2026-09-02T01:43:24Z	2a8202573382705a9d423e5818e57d59e774bf3e	5a02941e176b9f49a05c37d8417a76b96b4a65bcf8812221a82d30ffd3ad5061	apple	omz	2264a8042763edf2620cfe32d96b096e1f3d26aa	2264a8042763edf2620cfe32d96b096e1f3d26aa	5.9	2.55.0	1000	150	untracked	18	39.778	39.778	0	7	7	1	1788313691.120965	1788313691.328526	180097408	180099497
2026-09-02T01:43:24Z	2a8202573382705a9d423e5818e57d59e774bf3e	5a02941e176b9f49a05c37d8417a76b96b4a65bcf8812221a82d30ffd3ad5061	apple	omz	2264a8042763edf2620cfe32d96b096e1f3d26aa	2264a8042763edf2620cfe32d96b096e1f3d26aa	5.9	2.55.0	1000	150	untracked	19	38.712	38.712	0	7	7	1	1788313691.776098	1788313691.976856	180102257	180103987
2026-09-02T01:43:24Z	2a8202573382705a9d423e5818e57d59e774bf3e	5a02941e176b9f49a05c37d8417a76b96b4a65bcf8812221a82d30ffd3ad5061	apple	omz	2264a8042763edf2620cfe32d96b096e1f3d26aa	2264a8042763edf2620cfe32d96b096e1f3d26aa	5.9	2.55.0	1000	150	untracked	20	38.047	38.047	0	7	7	1	1788313692.424341	1788313692.620762	180107193	180109131
2026-09-02T01:43:24Z	2a8202573382705a9d423e5818e57d59e774bf3e	5a02941e176b9f49a05c37d8417a76b96b4a65bcf8812221a82d30ffd3ad5061	mortalscumbag	omz	2264a8042763edf2620cfe32d96b096e1f3d26aa	2264a8042763edf2620cfe32d96b096e1f3d26aa	5.9	2.55.0	1000	150	clean	1	57.756	57.756	0	7	4	1	1788313694.602232	1788313694.821630	180123427	180125010
2026-09-02T01:43:24Z	2a8202573382705a9d423e5818e57d59e774bf3e	5a02941e176b9f49a05c37d8417a76b96b4a65bcf8812221a82d30ffd3ad5061	mortalscumbag	omz	2264a8042763edf2620cfe32d96b096e1f3d26aa	2264a8042763edf2620cfe32d96b096e1f3d26aa	5.9	2.55.0	1000	150	clean	2	61.968	61.968	0	7	4	1	1788313695.365533	1788313695.587302	180129770	180131699
2026-09-02T01:43:24Z	2a8202573382705a9d423e5818e57d59e774bf3e	5a02941e176b9f49a05c37d8417a76b96b4a65bcf8812221a82d30ffd3ad5061	mortalscumbag	omz	2264a8042763edf2620cfe32d96b096e1f3d26aa	2264a8042763edf2620cfe32d96b096e1f3d26aa	5.9	2.55.0	1000	150	clean	3	61.139	61.139	0	7	4	1	1788313696.128807	1788313696.354080	180134925	180136442
2026-09-02T01:43:24Z	2a8202573382705a9d423e5818e57d59e774bf3e	5a02941e176b9f49a05c37d8417a76b96b4a65bcf8812221a82d30ffd3ad5061	mortalscumbag	omz	2264a8042763edf2620cfe32d96b096e1f3d26aa	2264a8042763edf2620cfe32d96b096e1f3d26aa	5.9	2.55.0	1000	150	clean	4	64.890	64.890	0	7	4	1	1788313696.906292	1788313697.142814	180139248	180142892
2026-09-02T01:43:24Z	2a8202573382705a9d423e5818e57d59e774bf3e	5a02941e176b9f49a05c37d8417a76b96b4a65bcf8812221a82d30ffd3ad5061	mortalscumbag	omz	2264a8042763edf2620cfe32d96b096e1f3d26aa	2264a8042763edf2620cfe32d96b096e1f3d26aa	5.9	2.55.0	1000	150	clean	5	61.300	61.300	0	7	4	1	1788313697.672658	1788313697.902797	180145834	180147885
2026-09-02T01:43:24Z	2a8202573382705a9d423e5818e57d59e774bf3e	5a02941e176b9f49a05c37d8417a76b96b4a65bcf8812221a82d30ffd3ad5061	mortalscumbag	omz	2264a8042763edf2620cfe32d96b096e1f3d26aa	2264a8042763edf2620cfe32d96b096e1f3d26aa	5.9	2.55.0	1000	150	clean	6	59.451	59.451	0	7	4	1	1788313698.434942	1788313698.656802	180151711	180153186
2026-09-02T01:43:24Z	2a8202573382705a9d423e5818e57d59e774bf3e	5a02941e176b9f49a05c37d8417a76b96b4a65bcf8812221a82d30ffd3ad5061	mortalscumbag	omz	2264a8042763edf2620cfe32d96b096e1f3d26aa	2264a8042763edf2620cfe32d96b096e1f3d26aa	5.9	2.55.0	1000	150	clean	7	64.556	64.556	0	7	4	1	1788313699.203798	1788313699.440086	180157158	180158575
2026-09-02T01:43:24Z	2a8202573382705a9d423e5818e57d59e774bf3e	5a02941e176b9f49a05c37d8417a76b96b4a65bcf8812221a82d30ffd3ad5061	mortalscumbag	omz	2264a8042763edf2620cfe32d96b096e1f3d26aa	2264a8042763edf2620cfe32d96b096e1f3d26aa	5.9	2.55.0	1000	150	clean	8	66.347	66.347	0	7	4	1	1788313699.985467	1788313700.222800	180162358	180164996
2026-09-02T01:43:24Z	2a8202573382705a9d423e5818e57d59e774bf3e	5a02941e176b9f49a05c37d8417a76b96b4a65bcf8812221a82d30ffd3ad5061	mortalscumbag	omz	2264a8042763edf2620cfe32d96b096e1f3d26aa	2264a8042763edf2620cfe32d96b096e1f3d26aa	5.9	2.55.0	1000	150	clean	9	64.609	64.609	0	7	4	1	1788313700.775427	1788313701.001927	180168814	180171663
2026-09-02T01:43:24Z	2a8202573382705a9d423e5818e57d59e774bf3e	5a02941e176b9f49a05c37d8417a76b96b4a65bcf8812221a82d30ffd3ad5061	mortalscumbag	omz	2264a8042763edf2620cfe32d96b096e1f3d26aa	2264a8042763edf2620cfe32d96b096e1f3d26aa	5.9	2.55.0	1000	150	clean	10	61.126	61.126	0	7	4	1	1788313701.535498	1788313701.769065	180175618	180190770
2026-09-02T01:43:24Z	2a8202573382705a9d423e5818e57d59e774bf3e	5a02941e176b9f49a05c37d8417a76b96b4a65bcf8812221a82d30ffd3ad5061	mortalscumbag	omz	2264a8042763edf2620cfe32d96b096e1f3d26aa	2264a8042763edf2620cfe32d96b096e1f3d26aa	5.9	2.55.0	1000	150	clean	11	118.289	118.289	0	7	4	1	1788313702.552541	1788313702.831199	180234062	180239487
2026-09-02T01:43:24Z	2a8202573382705a9d423e5818e57d59e774bf3e	5a02941e176b9f49a05c37d8417a76b96b4a65bcf8812221a82d30ffd3ad5061	mortalscumbag	omz	2264a8042763edf2620cfe32d96b096e1f3d26aa	2264a8042763edf2620cfe32d96b096e1f3d26aa	5.9	2.55.0	1000	150	clean	12	67.704	67.704	0	7	4	1	1788313703.469338	1788313703.712048	180244998	180247069
2026-09-02T01:43:24Z	2a8202573382705a9d423e5818e57d59e774bf3e	5a02941e176b9f49a05c37d8417a76b96b4a65bcf8812221a82d30ffd3ad5061	mortalscumbag	omz	2264a8042763edf2620cfe32d96b096e1f3d26aa	2264a8042763edf2620cfe32d96b096e1f3d26aa	5.9	2.55.0	1000	150	clean	13	62.624	62.624	0	7	4	1	1788313704.248720	1788313704.500725	180250884	180287367
2026-09-02T01:43:24Z	2a8202573382705a9d423e5818e57d59e774bf3e	5a02941e176b9f49a05c37d8417a76b96b4a65bcf8812221a82d30ffd3ad5061	mortalscumbag	omz	2264a8042763edf2620cfe32d96b096e1f3d26aa	2264a8042763edf2620cfe32d96b096e1f3d26aa	5.9	2.55.0	1000	150	clean	14	64.112	64.112	0	7	4	1	1788313705.436320	1788313705.662298	180390838	180392328
2026-09-02T01:43:24Z	2a8202573382705a9d423e5818e57d59e774bf3e	5a02941e176b9f49a05c37d8417a76b96b4a65bcf8812221a82d30ffd3ad5061	mortalscumbag	omz	2264a8042763edf2620cfe32d96b096e1f3d26aa	2264a8042763edf2620cfe32d96b096e1f3d26aa	5.9	2.55.0	1000	150	clean	15	62.185	62.185	0	7	4	1	1788313706.196685	1788313706.425152	180396017	180397548
2026-09-02T01:43:24Z	2a8202573382705a9d423e5818e57d59e774bf3e	5a02941e176b9f49a05c37d8417a76b96b4a65bcf8812221a82d30ffd3ad5061	mortalscumbag	omz	2264a8042763edf2620cfe32d96b096e1f3d26aa	2264a8042763edf2620cfe32d96b096e1f3d26aa	5.9	2.55.0	1000	150	clean	16	63.269	63.269	0	7	4	1	1788313706.963950	1788313707.189891	180401679	180404129
2026-09-02T01:43:24Z	2a8202573382705a9d423e5818e57d59e774bf3e	5a02941e176b9f49a05c37d8417a76b96b4a65bcf8812221a82d30ffd3ad5061	mortalscumbag	omz	2264a8042763edf2620cfe32d96b096e1f3d26aa	2264a8042763edf2620cfe32d96b096e1f3d26aa	5.9	2.55.0	1000	150	clean	17	64.584	64.584	0	7	4	1	1788313707.727061	1788313707.949968	180407162	180409089
2026-09-02T01:43:24Z	2a8202573382705a9d423e5818e57d59e774bf3e	5a02941e176b9f49a05c37d8417a76b96b4a65bcf8812221a82d30ffd3ad5061	mortalscumbag	omz	2264a8042763edf2620cfe32d96b096e1f3d26aa	2264a8042763edf2620cfe32d96b096e1f3d26aa	5.9	2.55.0	1000	150	clean	18	62.121	62.121	0	7	4	1	1788313708.489388	1788313708.719950	180413564	180415338
2026-09-02T01:43:24Z	2a8202573382705a9d423e5818e57d59e774bf3e	5a02941e176b9f49a05c37d8417a76b96b4a65bcf8812221a82d30ffd3ad5061	mortalscumbag	omz	2264a8042763edf2620cfe32d96b096e1f3d26aa	2264a8042763edf2620cfe32d96b096e1f3d26aa	5.9	2.55.0	1000	150	clean	19	63.038	63.038	0	7	4	1	1788313709.258928	1788313709.488045	180420204	180421409
2026-09-02T01:43:24Z	2a8202573382705a9d423e5818e57d59e774bf3e	5a02941e176b9f49a05c37d8417a76b96b4a65bcf8812221a82d30ffd3ad5061	mortalscumbag	omz	2264a8042763edf2620cfe32d96b096e1f3d26aa	2264a8042763edf2620cfe32d96b096e1f3d26aa	5.9	2.55.0	1000	150	clean	20	63.385	63.385	0	7	4	1	1788313710.037334	1788313710.262473	180425219	180427554
2026-09-02T01:43:24Z	2a8202573382705a9d423e5818e57d59e774bf3e	5a02941e176b9f49a05c37d8417a76b96b4a65bcf8812221a82d30ffd3ad5061	mortalscumbag	omz	2264a8042763edf2620cfe32d96b096e1f3d26aa	2264a8042763edf2620cfe32d96b096e1f3d26aa	5.9	2.55.0	1000	150	dirty	1	63.047	63.047	0	7	4	1	1788313710.832174	1788313711.065767	180431235	180433130
2026-09-02T01:43:24Z	2a8202573382705a9d423e5818e57d59e774bf3e	5a02941e176b9f49a05c37d8417a76b96b4a65bcf8812221a82d30ffd3ad5061	mortalscumbag	omz	2264a8042763edf2620cfe32d96b096e1f3d26aa	2264a8042763edf2620cfe32d96b096e1f3d26aa	5.9	2.55.0	1000	150	dirty	2	59.845	59.845	0	7	4	1	1788313711.630975	1788313711.855990	180437209	180440825
2026-09-02T01:43:24Z	2a8202573382705a9d423e5818e57d59e774bf3e	5a02941e176b9f49a05c37d8417a76b96b4a65bcf8812221a82d30ffd3ad5061	mortalscumbag	omz	2264a8042763edf2620cfe32d96b096e1f3d26aa	2264a8042763edf2620cfe32d96b096e1f3d26aa	5.9	2.55.0	1000	150	dirty	3	66.847	66.847	0	7	4	1	1788313712.408431	1788313712.635342	180445735	180447123
2026-09-02T01:43:24Z	2a8202573382705a9d423e5818e57d59e774bf3e	5a02941e176b9f49a05c37d8417a76b96b4a65bcf8812221a82d30ffd3ad5061	mortalscumbag	omz	2264a8042763edf2620cfe32d96b096e1f3d26aa	2264a8042763edf2620cfe32d96b096e1f3d26aa	5.9	2.55.0	1000	150	dirty	4	66.287	66.287	0	7	4	1	1788313713.200346	1788313713.425179	180451322	180452431
2026-09-02T01:43:24Z	2a8202573382705a9d423e5818e57d59e774bf3e	5a02941e176b9f49a05c37d8417a76b96b4a65bcf8812221a82d30ffd3ad5061	mortalscumbag	omz	2264a8042763edf2620cfe32d96b096e1f3d26aa	2264a8042763edf2620cfe32d96b096e1f3d26aa	5.9	2.55.0	1000	150	dirty	5	66.051	66.051	0	7	4	1	1788313713.966977	1788313714.205659	180456034	180457836
2026-09-02T01:43:24Z	2a8202573382705a9d423e5818e57d59e774bf3e	5a02941e176b9f49a05c37d8417a76b96b4a65bcf8812221a82d30ffd3ad5061	mortalscumbag	omz	2264a8042763edf2620cfe32d96b096e1f3d26aa	2264a8042763edf2620cfe32d96b096e1f3d26aa	5.9	2.55.0	1000	150	dirty	6	61.776	61.776	0	7	4	1	1788313714.739399	1788313714.963496	180462523	180463919
2026-09-02T01:43:24Z	2a8202573382705a9d423e5818e57d59e774bf3e	5a02941e176b9f49a05c37d8417a76b96b4a65bcf8812221a82d30ffd3ad5061	mortalscumbag	omz	2264a8042763edf2620cfe32d96b096e1f3d26aa	2264a8042763edf2620cfe32d96b096e1f3d26aa	5.9	2.55.0	1000	150	dirty	7	64.885	64.885	0	7	4	1	1788313715.507467	1788313715.735131	180468491	180470336
2026-09-02T01:43:24Z	2a8202573382705a9d423e5818e57d59e774bf3e	5a02941e176b9f49a05c37d8417a76b96b4a65bcf8812221a82d30ffd3ad5061	mortalscumbag	omz	2264a8042763edf2620cfe32d96b096e1f3d26aa	2264a8042763edf2620cfe32d96b096e1f3d26aa	5.9	2.55.0	1000	150	dirty	8	66.226	66.226	0	7	4	1	1788313716.289434	1788313716.513610	180475180	180476838
2026-09-02T01:43:24Z	2a8202573382705a9d423e5818e57d59e774bf3e	5a02941e176b9f49a05c37d8417a76b96b4a65bcf8812221a82d30ffd3ad5061	mortalscumbag	omz	2264a8042763edf2620cfe32d96b096e1f3d26aa	2264a8042763edf2620cfe32d96b096e1f3d26aa	5.9	2.55.0	1000	150	dirty	9	59.247	59.247	0	7	4	1	1788313717.044643	1788313717.274766	180479478	180481297
2026-09-02T01:43:24Z	2a8202573382705a9d423e5818e57d59e774bf3e	5a02941e176b9f49a05c37d8417a76b96b4a65bcf8812221a82d30ffd3ad5061	mortalscumbag	omz	2264a8042763edf2620cfe32d96b096e1f3d26aa	2264a8042763edf2620cfe32d96b096e1f3d26aa	5.9	2.55.0	1000	150	dirty	10	63.385	63.385	0	7	4	1	1788313717.821300	1788313718.041961	180486099	180488632
2026-09-02T01:43:24Z	2a8202573382705a9d423e5818e57d59e774bf3e	5a02941e176b9f49a05c37d8417a76b96b4a65bcf8812221a82d30ffd3ad5061	mortalscumbag	omz	2264a8042763edf2620cfe32d96b096e1f3d26aa	2264a8042763edf2620cfe32d96b096e1f3d26aa	5.9	2.55.0	1000	150	dirty	11	61.312	61.312	0	7	4	1	1788313718.572553	1788313718.798235	180491683	180493720
2026-09-02T01:43:24Z	2a8202573382705a9d423e5818e57d59e774bf3e	5a02941e176b9f49a05c37d8417a76b96b4a65bcf8812221a82d30ffd3ad5061	mortalscumbag	omz	2264a8042763edf2620cfe32d96b096e1f3d26aa	2264a8042763edf2620cfe32d96b096e1f3d26aa	5.9	2.55.0	1000	150	dirty	12	62.956	62.956	0	7	4	1	1788313719.362592	1788313719.592358	180496686	180498814
2026-09-02T01:43:24Z	2a8202573382705a9d423e5818e57d59e774bf3e	5a02941e176b9f49a05c37d8417a76b96b4a65bcf8812221a82d30ffd3ad5061	mortalscumbag	omz	2264a8042763edf2620cfe32d96b096e1f3d26aa	2264a8042763edf2620cfe32d96b096e1f3d26aa	5.9	2.55.0	1000	150	dirty	13	63.334	63.334	0	7	4	1	1788313720.139276	1788313720.369489	180502542	180504853
2026-09-02T01:43:24Z	2a8202573382705a9d423e5818e57d59e774bf3e	5a02941e176b9f49a05c37d8417a76b96b4a65bcf8812221a82d30ffd3ad5061	mortalscumbag	omz	2264a8042763edf2620cfe32d96b096e1f3d26aa	2264a8042763edf2620cfe32d96b096e1f3d26aa	5.9	2.55.0	1000	150	dirty	14	62.551	62.551	0	7	4	1	1788313720.908099	1788313721.131386	180509278	180510441
2026-09-02T01:43:24Z	2a8202573382705a9d423e5818e57d59e774bf3e	5a02941e176b9f49a05c37d8417a76b96b4a65bcf8812221a82d30ffd3ad5061	mortalscumbag	omz	2264a8042763edf2620cfe32d96b096e1f3d26aa	2264a8042763edf2620cfe32d96b096e1f3d26aa	5.9	2.55.0	1000	150	dirty	15	66.833	66.833	0	7	4	1	1788313721.679671	1788313721.921621	180514827	180516116
2026-09-02T01:43:24Z	2a8202573382705a9d423e5818e57d59e774bf3e	5a02941e176b9f49a05c37d8417a76b96b4a65bcf8812221a82d30ffd3ad5061	mortalscumbag	omz	2264a8042763edf2620cfe32d96b096e1f3d26aa	2264a8042763edf2620cfe32d96b096e1f3d26aa	5.9	2.55.0	1000	150	dirty	16	59.950	59.950	0	7	4	1	1788313722.469687	1788313722.695138	180521561	180523258
2026-09-02T01:43:24Z	2a8202573382705a9d423e5818e57d59e774bf3e	5a02941e176b9f49a05c37d8417a76b96b4a65bcf8812221a82d30ffd3ad5061	mortalscumbag	omz	2264a8042763edf2620cfe32d96b096e1f3d26aa	2264a8042763edf2620cfe32d96b096e1f3d26aa	5.9	2.55.0	1000	150	dirty	17	66.861	66.861	0	7	4	1	1788313723.255246	1788313723.487731	180527409	180528553
2026-09-02T01:43:24Z	2a8202573382705a9d423e5818e57d59e774bf3e	5a02941e176b9f49a05c37d8417a76b96b4a65bcf8812221a82d30ffd3ad5061	mortalscumbag	omz	2264a8042763edf2620cfe32d96b096e1f3d26aa	2264a8042763edf2620cfe32d96b096e1f3d26aa	5.9	2.55.0	1000	150	dirty	18	67.912	67.912	0	7	4	1	1788313724.046511	1788313724.285745	180532121	180533121
2026-09-02T01:43:24Z	2a8202573382705a9d423e5818e57d59e774bf3e	5a02941e176b9f49a05c37d8417a76b96b4a65bcf8812221a82d30ffd3ad5061	mortalscumbag	omz	2264a8042763edf2620cfe32d96b096e1f3d26aa	2264a8042763edf2620cfe32d96b096e1f3d26aa	5.9	2.55.0	1000	150	dirty	19	65.456	65.456	0	7	4	1	1788313724.828225	1788313725.062084	180540225	180541522
2026-09-02T01:43:24Z	2a8202573382705a9d423e5818e57d59e774bf3e	5a02941e176b9f49a05c37d8417a76b96b4a65bcf8812221a82d30ffd3ad5061	mortalscumbag	omz	2264a8042763edf2620cfe32d96b096e1f3d26aa	2264a8042763edf2620cfe32d96b096e1f3d26aa	5.9	2.55.0	1000	150	dirty	20	62.771	62.771	0	7	4	1	1788313725.609828	1788313725.837712	180544162	180545456
2026-09-02T01:43:24Z	2a8202573382705a9d423e5818e57d59e774bf3e	5a02941e176b9f49a05c37d8417a76b96b4a65bcf8812221a82d30ffd3ad5061	mortalscumbag	omz	2264a8042763edf2620cfe32d96b096e1f3d26aa	2264a8042763edf2620cfe32d96b096e1f3d26aa	5.9	2.55.0	1000	150	untracked	1	67.835	67.835	0	7	4	1	1788313726.407750	1788313726.648598	180549364	180551155
2026-09-02T01:43:24Z	2a8202573382705a9d423e5818e57d59e774bf3e	5a02941e176b9f49a05c37d8417a76b96b4a65bcf8812221a82d30ffd3ad5061	mortalscumbag	omz	2264a8042763edf2620cfe32d96b096e1f3d26aa	2264a8042763edf2620cfe32d96b096e1f3d26aa	5.9	2.55.0	1000	150	untracked	2	64.900	64.900	0	7	4	1	1788313727.215121	1788313727.442827	180555461	180558197
2026-09-02T01:43:24Z	2a8202573382705a9d423e5818e57d59e774bf3e	5a02941e176b9f49a05c37d8417a76b96b4a65bcf8812221a82d30ffd3ad5061	mortalscumbag	omz	2264a8042763edf2620cfe32d96b096e1f3d26aa	2264a8042763edf2620cfe32d96b096e1f3d26aa	5.9	2.55.0	1000	150	untracked	3	69.422	69.422	0	7	4	1	1788313728.018933	1788313728.246508	180563561	180565491
2026-09-02T01:43:24Z	2a8202573382705a9d423e5818e57d59e774bf3e	5a02941e176b9f49a05c37d8417a76b96b4a65bcf8812221a82d30ffd3ad5061	mortalscumbag	omz	2264a8042763edf2620cfe32d96b096e1f3d26aa	2264a8042763edf2620cfe32d96b096e1f3d26aa	5.9	2.55.0	1000	150	untracked	4	60.858	60.858	0	7	4	1	1788313728.790167	1788313729.014200	180570129	180571549
2026-09-02T01:43:24Z	2a8202573382705a9d423e5818e57d59e774bf3e	5a02941e176b9f49a05c37d8417a76b96b4a65bcf8812221a82d30ffd3ad5061	mortalscumbag	omz	2264a8042763edf2620cfe32d96b096e1f3d26aa	2264a8042763edf2620cfe32d96b096e1f3d26aa	5.9	2.55.0	1000	150	untracked	5	67.925	67.925	0	7	4	1	1788313729.542954	1788313729.770246	180574299	180577141
2026-09-02T01:43:24Z	2a8202573382705a9d423e5818e57d59e774bf3e	5a02941e176b9f49a05c37d8417a76b96b4a65bcf8812221a82d30ffd3ad5061	mortalscumbag	omz	2264a8042763edf2620cfe32d96b096e1f3d26aa	2264a8042763edf2620cfe32d96b096e1f3d26aa	5.9	2.55.0	1000	150	untracked	6	63.634	63.634	0	7	4	1	1788313730.331661	1788313730.567725	180581094	180582929
2026-09-02T01:43:24Z	2a8202573382705a9d423e5818e57d59e774bf3e	5a02941e176b9f49a05c37d8417a76b96b4a65bcf8812221a82d30ffd3ad5061	mortalscumbag	omz	2264a8042763edf2620cfe32d96b096e1f3d26aa	2264a8042763edf2620cfe32d96b096e1f3d26aa	5.9	2.55.0	1000	150	untracked	7	67.171	67.171	0	7	4	1	1788313731.118961	1788313731.346469	180586761	180588633
2026-09-02T01:43:24Z	2a8202573382705a9d423e5818e57d59e774bf3e	5a02941e176b9f49a05c37d8417a76b96b4a65bcf8812221a82d30ffd3ad5061	mortalscumbag	omz	2264a8042763edf2620cfe32d96b096e1f3d26aa	2264a8042763edf2620cfe32d96b096e1f3d26aa	5.9	2.55.0	1000	150	untracked	8	64.701	64.701	0	7	4	1	1788313731.889497	1788313732.110924	180592719	180595182
2026-09-02T01:43:24Z	2a8202573382705a9d423e5818e57d59e774bf3e	5a02941e176b9f49a05c37d8417a76b96b4a65bcf8812221a82d30ffd3ad5061	mortalscumbag	omz	2264a8042763edf2620cfe32d96b096e1f3d26aa	2264a8042763edf2620cfe32d96b096e1f3d26aa	5.9	2.55.0	1000	150	untracked	9	64.036	64.036	0	7	4	1	1788313732.659273	1788313732.892596	180599193	180601716
2026-09-02T01:43:24Z	2a8202573382705a9d423e5818e57d59e774bf3e	5a02941e176b9f49a05c37d8417a76b96b4a65bcf8812221a82d30ffd3ad5061	mortalscumbag	omz	2264a8042763edf2620cfe32d96b096e1f3d26aa	2264a8042763edf2620cfe32d96b096e1f3d26aa	5.9	2.55.0	1000	150	untracked	10	66.076	66.076	0	7	4	1	1788313733.453363	1788313733.691620	180605621	180608303
2026-09-02T01:43:24Z	2a8202573382705a9d423e5818e57d59e774bf3e	5a02941e176b9f49a05c37d8417a76b96b4a65bcf8812221a82d30ffd3ad5061	mortalscumbag	omz	2264a8042763edf2620cfe32d96b096e1f3d26aa	2264a8042763edf2620cfe32d96b096e1f3d26aa	5.9	2.55.0	1000	150	untracked	11	67.365	67.365	0	7	4	1	1788313734.239072	1788313734.478892	180612711	180614598
2026-09-02T01:43:24Z	2a8202573382705a9d423e5818e57d59e774bf3e	5a02941e176b9f49a05c37d8417a76b96b4a65bcf8812221a82d30ffd3ad5061	mortalscumbag	omz	2264a8042763edf2620cfe32d96b096e1f3d26aa	2264a8042763edf2620cfe32d96b096e1f3d26aa	5.9	2.55.0	1000	150	untracked	12	66.806	66.806	0	7	4	1	1788313735.038411	1788313735.262754	180618421	180619969
2026-09-02T01:43:24Z	2a8202573382705a9d423e5818e57d59e774bf3e	5a02941e176b9f49a05c37d8417a76b96b4a65bcf8812221a82d30ffd3ad5061	mortalscumbag	omz	2264a8042763edf2620cfe32d96b096e1f3d26aa	2264a8042763edf2620cfe32d96b096e1f3d26aa	5.9	2.55.0	1000	150	untracked	13	62.678	62.678	0	7	4	1	1788313735.804477	1788313736.034864	180624031	180625954
2026-09-02T01:43:24Z	2a8202573382705a9d423e5818e57d59e774bf3e	5a02941e176b9f49a05c37d8417a76b96b4a65bcf8812221a82d30ffd3ad5061	mortalscumbag	omz	2264a8042763edf2620cfe32d96b096e1f3d26aa	2264a8042763edf2620cfe32d96b096e1f3d26aa	5.9	2.55.0	1000	150	untracked	14	68.704	68.704	0	7	4	1	1788313736.603739	1788313736.834668	180630035	180631927
2026-09-02T01:43:24Z	2a8202573382705a9d423e5818e57d59e774bf3e	5a02941e176b9f49a05c37d8417a76b96b4a65bcf8812221a82d30ffd3ad5061	mortalscumbag	omz	2264a8042763edf2620cfe32d96b096e1f3d26aa	2264a8042763edf2620cfe32d96b096e1f3d26aa	5.9	2.55.0	1000	150	untracked	15	63.138	63.138	0	7	4	1	1788313737.391301	1788313737.625876	180635726	180637215
2026-09-02T01:43:24Z	2a8202573382705a9d423e5818e57d59e774bf3e	5a02941e176b9f49a05c37d8417a76b96b4a65bcf8812221a82d30ffd3ad5061	mortalscumbag	omz	2264a8042763edf2620cfe32d96b096e1f3d26aa	2264a8042763edf2620cfe32d96b096e1f3d26aa	5.9	2.55.0	1000	150	untracked	16	65.611	65.611	0	7	4	1	1788313738.178702	1788313738.415221	180641142	180643016
2026-09-02T01:43:24Z	2a8202573382705a9d423e5818e57d59e774bf3e	5a02941e176b9f49a05c37d8417a76b96b4a65bcf8812221a82d30ffd3ad5061	mortalscumbag	omz	2264a8042763edf2620cfe32d96b096e1f3d26aa	2264a8042763edf2620cfe32d96b096e1f3d26aa	5.9	2.55.0	1000	150	untracked	17	61.661	61.661	0	7	4	1	1788313738.963631	1788313739.193168	180646794	180648289
2026-09-02T01:43:24Z	2a8202573382705a9d423e5818e57d59e774bf3e	5a02941e176b9f49a05c37d8417a76b96b4a65bcf8812221a82d30ffd3ad5061	mortalscumbag	omz	2264a8042763edf2620cfe32d96b096e1f3d26aa	2264a8042763edf2620cfe32d96b096e1f3d26aa	5.9	2.55.0	1000	150	untracked	18	66.280	66.280	0	7	4	1	1788313739.755696	1788313739.991266	180652596	180653867
2026-09-02T01:43:24Z	2a8202573382705a9d423e5818e57d59e774bf3e	5a02941e176b9f49a05c37d8417a76b96b4a65bcf8812221a82d30ffd3ad5061	mortalscumbag	omz	2264a8042763edf2620cfe32d96b096e1f3d26aa	2264a8042763edf2620cfe32d96b096e1f3d26aa	5.9	2.55.0	1000	150	untracked	19	67.675	67.675	0	7	4	1	1788313740.544509	1788313740.769848	180657494	180658609
2026-09-02T01:43:24Z	2a8202573382705a9d423e5818e57d59e774bf3e	5a02941e176b9f49a05c37d8417a76b96b4a65bcf8812221a82d30ffd3ad5061	mortalscumbag	omz	2264a8042763edf2620cfe32d96b096e1f3d26aa	2264a8042763edf2620cfe32d96b096e1f3d26aa	5.9	2.55.0	1000	150	untracked	20	63.802	63.802	0	7	4	1	1788313741.340380	1788313741.575545	180662709	180664557
2026-09-02T01:43:24Z	2a8202573382705a9d423e5818e57d59e774bf3e	5a02941e176b9f49a05c37d8417a76b96b4a65bcf8812221a82d30ffd3ad5061	ys	omz	2264a8042763edf2620cfe32d96b096e1f3d26aa	2264a8042763edf2620cfe32d96b096e1f3d26aa	5.9	2.55.0	1000	150	clean	1	14.493	36.165	1	5	0	1	1788313743.860014	1788313744.063482	180680448	180681892
2026-09-02T01:43:24Z	2a8202573382705a9d423e5818e57d59e774bf3e	5a02941e176b9f49a05c37d8417a76b96b4a65bcf8812221a82d30ffd3ad5061	ys	omz	2264a8042763edf2620cfe32d96b096e1f3d26aa	2264a8042763edf2620cfe32d96b096e1f3d26aa	5.9	2.55.0	1000	150	clean	2	14.277	36.290	1	5	0	1	1788313744.503016	1788313744.704301	180685174	180686149
2026-09-02T01:43:24Z	2a8202573382705a9d423e5818e57d59e774bf3e	5a02941e176b9f49a05c37d8417a76b96b4a65bcf8812221a82d30ffd3ad5061	ys	omz	2264a8042763edf2620cfe32d96b096e1f3d26aa	2264a8042763edf2620cfe32d96b096e1f3d26aa	5.9	2.55.0	1000	150	clean	3	16.149	38.637	1	5	0	1	1788313745.147487	1788313745.347293	180688551	180689593
2026-09-02T01:43:24Z	2a8202573382705a9d423e5818e57d59e774bf3e	5a02941e176b9f49a05c37d8417a76b96b4a65bcf8812221a82d30ffd3ad5061	ys	omz	2264a8042763edf2620cfe32d96b096e1f3d26aa	2264a8042763edf2620cfe32d96b096e1f3d26aa	5.9	2.55.0	1000	150	clean	4	15.708	39.268	1	5	0	1	1788313745.777594	1788313745.977334	180692874	180694285
2026-09-02T01:43:24Z	2a8202573382705a9d423e5818e57d59e774bf3e	5a02941e176b9f49a05c37d8417a76b96b4a65bcf8812221a82d30ffd3ad5061	ys	omz	2264a8042763edf2620cfe32d96b096e1f3d26aa	2264a8042763edf2620cfe32d96b096e1f3d26aa	5.9	2.55.0	1000	150	clean	5	18.157	34.261	1	5	0	1	1788313746.441778	1788313746.637189	180697231	180698301
2026-09-02T01:43:24Z	2a8202573382705a9d423e5818e57d59e774bf3e	5a02941e176b9f49a05c37d8417a76b96b4a65bcf8812221a82d30ffd3ad5061	ys	omz	2264a8042763edf2620cfe32d96b096e1f3d26aa	2264a8042763edf2620cfe32d96b096e1f3d26aa	5.9	2.55.0	1000	150	clean	6	19.314	36.297	1	5	0	1	1788313747.094380	1788313747.295069	180701480	180703071
2026-09-02T01:43:24Z	2a8202573382705a9d423e5818e57d59e774bf3e	5a02941e176b9f49a05c37d8417a76b96b4a65bcf8812221a82d30ffd3ad5061	ys	omz	2264a8042763edf2620cfe32d96b096e1f3d26aa	2264a8042763edf2620cfe32d96b096e1f3d26aa	5.9	2.55.0	1000	150	clean	7	16.031	39.615	1	5	0	1	1788313747.737769	1788313747.938353	180706349	180707611
2026-09-02T01:43:24Z	2a8202573382705a9d423e5818e57d59e774bf3e	5a02941e176b9f49a05c37d8417a76b96b4a65bcf8812221a82d30ffd3ad5061	ys	omz	2264a8042763edf2620cfe32d96b096e1f3d26aa	2264a8042763edf2620cfe32d96b096e1f3d26aa	5.9	2.55.0	1000	150	clean	8	18.151	39.754	1	5	0	1	1788313748.377278	1788313748.575304	180710965	180712031
2026-09-02T01:43:24Z	2a8202573382705a9d423e5818e57d59e774bf3e	5a02941e176b9f49a05c37d8417a76b96b4a65bcf8812221a82d30ffd3ad5061	ys	omz	2264a8042763edf2620cfe32d96b096e1f3d26aa	2264a8042763edf2620cfe32d96b096e1f3d26aa	5.9	2.55.0	1000	150	clean	9	14.993	36.716	1	5	0	1	1788313749.030556	1788313749.229355	180716115	180717987
2026-09-02T01:43:24Z	2a8202573382705a9d423e5818e57d59e774bf3e	5a02941e176b9f49a05c37d8417a76b96b4a65bcf8812221a82d30ffd3ad5061	ys	omz	2264a8042763edf2620cfe32d96b096e1f3d26aa	2264a8042763edf2620cfe32d96b096e1f3d26aa	5.9	2.55.0	1000	150	clean	10	15.245	37.463	1	5	0	1	1788313749.674392	1788313749.876917	180722440	180725488
2026-09-02T01:43:24Z	2a8202573382705a9d423e5818e57d59e774bf3e	5a02941e176b9f49a05c37d8417a76b96b4a65bcf8812221a82d30ffd3ad5061	ys	omz	2264a8042763edf2620cfe32d96b096e1f3d26aa	2264a8042763edf2620cfe32d96b096e1f3d26aa	5.9	2.55.0	1000	150	clean	11	18.629	35.048	1	5	0	1	1788313750.311024	1788313750.508358	180728936	180730705
2026-09-02T01:43:24Z	2a8202573382705a9d423e5818e57d59e774bf3e	5a02941e176b9f49a05c37d8417a76b96b4a65bcf8812221a82d30ffd3ad5061	ys	omz	2264a8042763edf2620cfe32d96b096e1f3d26aa	2264a8042763edf2620cfe32d96b096e1f3d26aa	5.9	2.55.0	1000	150	clean	12	15.663	38.763	1	5	0	1	1788313750.952061	1788313751.158731	180733981	180735281
2026-09-02T01:43:24Z	2a8202573382705a9d423e5818e57d59e774bf3e	5a02941e176b9f49a05c37d8417a76b96b4a65bcf8812221a82d30ffd3ad5061	ys	omz	2264a8042763edf2620cfe32d96b096e1f3d26aa	2264a8042763edf2620cfe32d96b096e1f3d26aa	5.9	2.55.0	1000	150	clean	13	19.156	35.596	1	5	0	1	1788313751.598702	1788313751.798295	180738116	180739779
2026-09-02T01:43:24Z	2a8202573382705a9d423e5818e57d59e774bf3e	5a02941e176b9f49a05c37d8417a76b96b4a65bcf8812221a82d30ffd3ad5061	ys	omz	2264a8042763edf2620cfe32d96b096e1f3d26aa	2264a8042763edf2620cfe32d96b096e1f3d26aa	5.9	2.55.0	1000	150	clean	14	18.490	35.588	1	5	0	1	1788313752.243158	1788313752.441534	180743748	180744930
2026-09-02T01:43:24Z	2a8202573382705a9d423e5818e57d59e774bf3e	5a02941e176b9f49a05c37d8417a76b96b4a65bcf8812221a82d30ffd3ad5061	ys	omz	2264a8042763edf2620cfe32d96b096e1f3d26aa	2264a8042763edf2620cfe32d96b096e1f3d26aa	5.9	2.55.0	1000	150	clean	15	14.586	37.270	1	5	0	1	1788313752.886719	1788313753.082377	180748344	180749636
2026-09-02T01:43:24Z	2a8202573382705a9d423e5818e57d59e774bf3e	5a02941e176b9f49a05c37d8417a76b96b4a65bcf8812221a82d30ffd3ad5061	ys	omz	2264a8042763edf2620cfe32d96b096e1f3d26aa	2264a8042763edf2620cfe32d96b096e1f3d26aa	5.9	2.55.0	1000	150	clean	16	15.962	39.508	1	5	0	1	1788313753.516910	1788313753.716478	180752792	180754425
2026-09-02T01:43:24Z	2a8202573382705a9d423e5818e57d59e774bf3e	5a02941e176b9f49a05c37d8417a76b96b4a65bcf8812221a82d30ffd3ad5061	ys	omz	2264a8042763edf2620cfe32d96b096e1f3d26aa	2264a8042763edf2620cfe32d96b096e1f3d26aa	5.9	2.55.0	1000	150	clean	17	15.964	39.170	1	5	0	1	1788313754.160081	1788313754.363164	180758318	180759149
2026-09-02T01:43:24Z	2a8202573382705a9d423e5818e57d59e774bf3e	5a02941e176b9f49a05c37d8417a76b96b4a65bcf8812221a82d30ffd3ad5061	ys	omz	2264a8042763edf2620cfe32d96b096e1f3d26aa	2264a8042763edf2620cfe32d96b096e1f3d26aa	5.9	2.55.0	1000	150	clean	18	18.756	35.701	1	5	0	1	1788313754.809203	1788313755.009609	180761772	180762838
2026-09-02T01:43:24Z	2a8202573382705a9d423e5818e57d59e774bf3e	5a02941e176b9f49a05c37d8417a76b96b4a65bcf8812221a82d30ffd3ad5061	ys	omz	2264a8042763edf2620cfe32d96b096e1f3d26aa	2264a8042763edf2620cfe32d96b096e1f3d26aa	5.9	2.55.0	1000	150	clean	19	15.358	37.990	1	5	0	1	1788313755.454854	1788313755.650579	180765432	180766930
2026-09-02T01:43:24Z	2a8202573382705a9d423e5818e57d59e774bf3e	5a02941e176b9f49a05c37d8417a76b96b4a65bcf8812221a82d30ffd3ad5061	ys	omz	2264a8042763edf2620cfe32d96b096e1f3d26aa	2264a8042763edf2620cfe32d96b096e1f3d26aa	5.9	2.55.0	1000	150	clean	20	15.413	37.930	1	5	0	1	1788313756.094729	1788313756.299111	180769319	180770787
2026-09-02T01:43:24Z	2a8202573382705a9d423e5818e57d59e774bf3e	5a02941e176b9f49a05c37d8417a76b96b4a65bcf8812221a82d30ffd3ad5061	ys	omz	2264a8042763edf2620cfe32d96b096e1f3d26aa	2264a8042763edf2620cfe32d96b096e1f3d26aa	5.9	2.55.0	1000	150	dirty	1	16.289	41.260	1	5	0	1	1788313756.746490	1788313756.944633	180773607	180775189
2026-09-02T01:43:24Z	2a8202573382705a9d423e5818e57d59e774bf3e	5a02941e176b9f49a05c37d8417a76b96b4a65bcf8812221a82d30ffd3ad5061	ys	omz	2264a8042763edf2620cfe32d96b096e1f3d26aa	2264a8042763edf2620cfe32d96b096e1f3d26aa	5.9	2.55.0	1000	150	dirty	2	14.992	37.393	1	5	0	1	1788313757.388631	1788313757.597121	180778802	180779745
2026-09-02T01:43:24Z	2a8202573382705a9d423e5818e57d59e774bf3e	5a02941e176b9f49a05c37d8417a76b96b4a65bcf8812221a82d30ffd3ad5061	ys	omz	2264a8042763edf2620cfe32d96b096e1f3d26aa	2264a8042763edf2620cfe32d96b096e1f3d26aa	5.9	2.55.0	1000	150	dirty	3	17.174	39.883	1	5	0	1	1788313758.031876	1788313758.240248	180782613	180784037
2026-09-02T01:43:24Z	2a8202573382705a9d423e5818e57d59e774bf3e	5a02941e176b9f49a05c37d8417a76b96b4a65bcf8812221a82d30ffd3ad5061	ys	omz	2264a8042763edf2620cfe32d96b096e1f3d26aa	2264a8042763edf2620cfe32d96b096e1f3d26aa	5.9	2.55.0	1000	150	dirty	4	16.638	40.047	1	5	0	1	1788313758.671050	1788313758.870636	180786528	180787711
2026-09-02T01:43:24Z	2a8202573382705a9d423e5818e57d59e774bf3e	5a02941e176b9f49a05c37d8417a76b96b4a65bcf8812221a82d30ffd3ad5061	ys	omz	2264a8042763edf2620cfe32d96b096e1f3d26aa	2264a8042763edf2620cfe32d96b096e1f3d26aa	5.9	2.55.0	1000	150	dirty	5	16.412	38.877	1	5	0	1	1788313759.323278	1788313759.533468	180789864	180791079
2026-09-02T01:43:24Z	2a8202573382705a9d423e5818e57d59e774bf3e	5a02941e176b9f49a05c37d8417a76b96b4a65bcf8812221a82d30ffd3ad5061	ys	omz	2264a8042763edf2620cfe32d96b096e1f3d26aa	2264a8042763edf2620cfe32d96b096e1f3d26aa	5.9	2.55.0	1000	150	dirty	6	12.523	38.752	1	5	0	1	1788313759.976840	1788313760.178863	180793556	180794634
2026-09-02T01:43:24Z	2a8202573382705a9d423e5818e57d59e774bf3e	5a02941e176b9f49a05c37d8417a76b96b4a65bcf8812221a82d30ffd3ad5061	ys	omz	2264a8042763edf2620cfe32d96b096e1f3d26aa	2264a8042763edf2620cfe32d96b096e1f3d26aa	5.9	2.55.0	1000	150	dirty	7	15.260	38.958	1	5	0	1	1788313760.612447	1788313760.817736	180797212	180798138
2026-09-02T01:43:24Z	2a8202573382705a9d423e5818e57d59e774bf3e	5a02941e176b9f49a05c37d8417a76b96b4a65bcf8812221a82d30ffd3ad5061	ys	omz	2264a8042763edf2620cfe32d96b096e1f3d26aa	2264a8042763edf2620cfe32d96b096e1f3d26aa	5.9	2.55.0	1000	150	dirty	8	15.145	38.810	1	5	0	1	1788313761.259950	1788313761.457619	180800600	180801397
2026-09-02T01:43:24Z	2a8202573382705a9d423e5818e57d59e774bf3e	5a02941e176b9f49a05c37d8417a76b96b4a65bcf8812221a82d30ffd3ad5061	ys	omz	2264a8042763edf2620cfe32d96b096e1f3d26aa	2264a8042763edf2620cfe32d96b096e1f3d26aa	5.9	2.55.0	1000	150	dirty	9	15.290	37.631	1	5	0	1	1788313761.902598	1788313762.110829	180803738	180805178
2026-09-02T01:43:24Z	2a8202573382705a9d423e5818e57d59e774bf3e	5a02941e176b9f49a05c37d8417a76b96b4a65bcf8812221a82d30ffd3ad5061	ys	omz	2264a8042763edf2620cfe32d96b096e1f3d26aa	2264a8042763edf2620cfe32d96b096e1f3d26aa	5.9	2.55.0	1000	150	dirty	10	15.102	37.532	1	5	0	1	1788313762.556322	1788313762.754299	180807954	180808827
2026-09-02T01:43:24Z	2a8202573382705a9d423e5818e57d59e774bf3e	5a02941e176b9f49a05c37d8417a76b96b4a65bcf8812221a82d30ffd3ad5061	ys	omz	2264a8042763edf2620cfe32d96b096e1f3d26aa	2264a8042763edf2620cfe32d96b096e1f3d26aa	5.9	2.55.0	1000	150	dirty	11	16.975	41.737	1	5	0	1	1788313763.193443	1788313763.394290	180811971	180813768
2026-09-02T01:43:24Z	2a8202573382705a9d423e5818e57d59e774bf3e	5a02941e176b9f49a05c37d8417a76b96b4a65bcf8812221a82d30ffd3ad5061	ys	omz	2264a8042763edf2620cfe32d96b096e1f3d26aa	2264a8042763edf2620cfe32d96b096e1f3d26aa	5.9	2.55.0	1000	150	dirty	12	18.858	42.590	1	5	0	1	1788313763.842851	1788313764.049530	180817271	180818614
2026-09-02T01:43:24Z	2a8202573382705a9d423e5818e57d59e774bf3e	5a02941e176b9f49a05c37d8417a76b96b4a65bcf8812221a82d30ffd3ad5061	ys	omz	2264a8042763edf2620cfe32d96b096e1f3d26aa	2264a8042763edf2620cfe32d96b096e1f3d26aa	5.9	2.55.0	1000	150	dirty	13	16.118	39.839	1	5	0	1	1788313764.487442	1788313764.700220	180824838	180826256
2026-09-02T01:43:24Z	2a8202573382705a9d423e5818e57d59e774bf3e	5a02941e176b9f49a05c37d8417a76b96b4a65bcf8812221a82d30ffd3ad5061	ys	omz	2264a8042763edf2620cfe32d96b096e1f3d26aa	2264a8042763edf2620cfe32d96b096e1f3d26aa	5.9	2.55.0	1000	150	dirty	14	14.980	37.249	1	5	0	1	1788313765.136878	1788313765.349185	180828298	180830052
2026-09-02T01:43:24Z	2a8202573382705a9d423e5818e57d59e774bf3e	5a02941e176b9f49a05c37d8417a76b96b4a65bcf8812221a82d30ffd3ad5061	ys	omz	2264a8042763edf2620cfe32d96b096e1f3d26aa	2264a8042763edf2620cfe32d96b096e1f3d26aa	5.9	2.55.0	1000	150	dirty	15	16.184	38.516	1	5	0	1	1788313765.786903	1788313765.985627	180832738	180834655
2026-09-02T01:43:24Z	2a8202573382705a9d423e5818e57d59e774bf3e	5a02941e176b9f49a05c37d8417a76b96b4a65bcf8812221a82d30ffd3ad5061	ys	omz	2264a8042763edf2620cfe32d96b096e1f3d26aa	2264a8042763edf2620cfe32d96b096e1f3d26aa	5.9	2.55.0	1000	150	dirty	16	18.660	36.465	1	5	0	1	1788313766.430176	1788313766.631555	180837623	180838986
2026-09-02T01:43:24Z	2a8202573382705a9d423e5818e57d59e774bf3e	5a02941e176b9f49a05c37d8417a76b96b4a65bcf8812221a82d30ffd3ad5061	ys	omz	2264a8042763edf2620cfe32d96b096e1f3d26aa	2264a8042763edf2620cfe32d96b096e1f3d26aa	5.9	2.55.0	1000	150	dirty	17	15.765	38.916	1	5	0	1	1788313767.083485	1788313767.295149	180842407	180844012
2026-09-02T01:43:24Z	2a8202573382705a9d423e5818e57d59e774bf3e	5a02941e176b9f49a05c37d8417a76b96b4a65bcf8812221a82d30ffd3ad5061	ys	omz	2264a8042763edf2620cfe32d96b096e1f3d26aa	2264a8042763edf2620cfe32d96b096e1f3d26aa	5.9	2.55.0	1000	150	dirty	18	19.019	34.915	1	5	0	1	1788313767.741538	1788313767.935223	180846803	180847914
2026-09-02T01:43:24Z	2a8202573382705a9d423e5818e57d59e774bf3e	5a02941e176b9f49a05c37d8417a76b96b4a65bcf8812221a82d30ffd3ad5061	ys	omz	2264a8042763edf2620cfe32d96b096e1f3d26aa	2264a8042763edf2620cfe32d96b096e1f3d26aa	5.9	2.55.0	1000	150	dirty	19	18.951	34.964	1	5	0	1	1788313768.375169	1788313768.576194	180850083	180851114
2026-09-02T01:43:24Z	2a8202573382705a9d423e5818e57d59e774bf3e	5a02941e176b9f49a05c37d8417a76b96b4a65bcf8812221a82d30ffd3ad5061	ys	omz	2264a8042763edf2620cfe32d96b096e1f3d26aa	2264a8042763edf2620cfe32d96b096e1f3d26aa	5.9	2.55.0	1000	150	dirty	20	17.663	41.702	1	5	0	1	1788313769.013641	1788313769.226219	180853436	180854978
2026-09-02T01:43:24Z	2a8202573382705a9d423e5818e57d59e774bf3e	5a02941e176b9f49a05c37d8417a76b96b4a65bcf8812221a82d30ffd3ad5061	ys	omz	2264a8042763edf2620cfe32d96b096e1f3d26aa	2264a8042763edf2620cfe32d96b096e1f3d26aa	5.9	2.55.0	1000	150	untracked	1	16.609	42.627	1	5	0	1	1788313769.690105	1788313769.893326	180856865	180858041
2026-09-02T01:43:24Z	2a8202573382705a9d423e5818e57d59e774bf3e	5a02941e176b9f49a05c37d8417a76b96b4a65bcf8812221a82d30ffd3ad5061	ys	omz	2264a8042763edf2620cfe32d96b096e1f3d26aa	2264a8042763edf2620cfe32d96b096e1f3d26aa	5.9	2.55.0	1000	150	untracked	2	15.802	39.058	1	5	0	1	1788313770.337996	1788313770.533770	180860766	180862326
2026-09-02T01:43:24Z	2a8202573382705a9d423e5818e57d59e774bf3e	5a02941e176b9f49a05c37d8417a76b96b4a65bcf8812221a82d30ffd3ad5061	ys	omz	2264a8042763edf2620cfe32d96b096e1f3d26aa	2264a8042763edf2620cfe32d96b096e1f3d26aa	5.9	2.55.0	1000	150	untracked	3	19.976	35.933	1	5	0	1	1788313770.993228	1788313771.190877	180865300	180866806
2026-09-02T01:43:24Z	2a8202573382705a9d423e5818e57d59e774bf3e	5a02941e176b9f49a05c37d8417a76b96b4a65bcf8812221a82d30ffd3ad5061	ys	omz	2264a8042763edf2620cfe32d96b096e1f3d26aa	2264a8042763edf2620cfe32d96b096e1f3d26aa	5.9	2.55.0	1000	150	untracked	4	19.534	35.062	1	5	0	1	1788313771.631976	1788313771.829683	180869086	180870289
2026-09-02T01:43:24Z	2a8202573382705a9d423e5818e57d59e774bf3e	5a02941e176b9f49a05c37d8417a76b96b4a65bcf8812221a82d30ffd3ad5061	ys	omz	2264a8042763edf2620cfe32d96b096e1f3d26aa	2264a8042763edf2620cfe32d96b096e1f3d26aa	5.9	2.55.0	1000	150	untracked	5	19.438	35.420	1	5	0	1	1788313772.266005	1788313772.475345	180872682	180874734
2026-09-02T01:43:24Z	2a8202573382705a9d423e5818e57d59e774bf3e	5a02941e176b9f49a05c37d8417a76b96b4a65bcf8812221a82d30ffd3ad5061	ys	omz	2264a8042763edf2620cfe32d96b096e1f3d26aa	2264a8042763edf2620cfe32d96b096e1f3d26aa	5.9	2.55.0	1000	150	untracked	6	15.150	37.289	1	5	0	1	1788313772.915053	1788313773.123461	180877683	180879463
2026-09-02T01:43:24Z	2a8202573382705a9d423e5818e57d59e774bf3e	5a02941e176b9f49a05c37d8417a76b96b4a65bcf8812221a82d30ffd3ad5061	ys	omz	2264a8042763edf2620cfe32d96b096e1f3d26aa	2264a8042763edf2620cfe32d96b096e1f3d26aa	5.9	2.55.0	1000	150	untracked	7	15.530	38.375	1	5	0	1	1788313773.569821	1788313773.779359	180882981	180884118
2026-09-02T01:43:24Z	2a8202573382705a9d423e5818e57d59e774bf3e	5a02941e176b9f49a05c37d8417a76b96b4a65bcf8812221a82d30ffd3ad5061	ys	omz	2264a8042763edf2620cfe32d96b096e1f3d26aa	2264a8042763edf2620cfe32d96b096e1f3d26aa	5.9	2.55.0	1000	150	untracked	8	17.008	42.545	1	5	0	1	1788313774.224104	1788313774.432240	180886057	180886908
2026-09-02T01:43:24Z	2a8202573382705a9d423e5818e57d59e774bf3e	5a02941e176b9f49a05c37d8417a76b96b4a65bcf8812221a82d30ffd3ad5061	ys	omz	2264a8042763edf2620cfe32d96b096e1f3d26aa	2264a8042763edf2620cfe32d96b096e1f3d26aa	5.9	2.55.0	1000	150	untracked	9	15.642	40.324	1	5	0	1	1788313774.881358	1788313775.090479	180890211	180891194
2026-09-02T01:43:24Z	2a8202573382705a9d423e5818e57d59e774bf3e	5a02941e176b9f49a05c37d8417a76b96b4a65bcf8812221a82d30ffd3ad5061	ys	omz	2264a8042763edf2620cfe32d96b096e1f3d26aa	2264a8042763edf2620cfe32d96b096e1f3d26aa	5.9	2.55.0	1000	150	untracked	10	15.673	38.060	1	5	0	1	1788313775.526502	1788313775.724115	180894573	180895899
2026-09-02T01:43:24Z	2a8202573382705a9d423e5818e57d59e774bf3e	5a02941e176b9f49a05c37d8417a76b96b4a65bcf8812221a82d30ffd3ad5061	ys	omz	2264a8042763edf2620cfe32d96b096e1f3d26aa	2264a8042763edf2620cfe32d96b096e1f3d26aa	5.9	2.55.0	1000	150	untracked	11	18.938	44.009	1	5	0	1	1788313776.173417	1788313776.381996	180901284	180903310
2026-09-02T01:43:24Z	2a8202573382705a9d423e5818e57d59e774bf3e	5a02941e176b9f49a05c37d8417a76b96b4a65bcf8812221a82d30ffd3ad5061	ys	omz	2264a8042763edf2620cfe32d96b096e1f3d26aa	2264a8042763edf2620cfe32d96b096e1f3d26aa	5.9	2.55.0	1000	150	untracked	12	17.080	41.716	1	5	0	1	1788313776.822521	1788313777.021658	180906158	180907525
2026-09-02T01:43:24Z	2a8202573382705a9d423e5818e57d59e774bf3e	5a02941e176b9f49a05c37d8417a76b96b4a65bcf8812221a82d30ffd3ad5061	ys	omz	2264a8042763edf2620cfe32d96b096e1f3d26aa	2264a8042763edf2620cfe32d96b096e1f3d26aa	5.9	2.55.0	1000	150	untracked	13	16.845	40.164	1	5	0	1	1788313777.461087	1788313777.659848	180910025	180911009
2026-09-02T01:43:24Z	2a8202573382705a9d423e5818e57d59e774bf3e	5a02941e176b9f49a05c37d8417a76b96b4a65bcf8812221a82d30ffd3ad5061	ys	omz	2264a8042763edf2620cfe32d96b096e1f3d26aa	2264a8042763edf2620cfe32d96b096e1f3d26aa	5.9	2.55.0	1000	150	untracked	14	24.211	40.493	1	5	0	1	1788313778.105465	1788313778.310380	180913656	180914679
2026-09-02T01:43:24Z	2a8202573382705a9d423e5818e57d59e774bf3e	5a02941e176b9f49a05c37d8417a76b96b4a65bcf8812221a82d30ffd3ad5061	ys	omz	2264a8042763edf2620cfe32d96b096e1f3d26aa	2264a8042763edf2620cfe32d96b096e1f3d26aa	5.9	2.55.0	1000	150	untracked	15	16.413	40.300	1	5	0	1	1788313778.760905	1788313778.976647	180916922	180917939
2026-09-02T01:43:24Z	2a8202573382705a9d423e5818e57d59e774bf3e	5a02941e176b9f49a05c37d8417a76b96b4a65bcf8812221a82d30ffd3ad5061	ys	omz	2264a8042763edf2620cfe32d96b096e1f3d26aa	2264a8042763edf2620cfe32d96b096e1f3d26aa	5.9	2.55.0	1000	150	untracked	16	16.042	39.456	1	5	0	1	1788313779.435110	1788313779.637993	180920445	180921634
2026-09-02T01:43:24Z	2a8202573382705a9d423e5818e57d59e774bf3e	5a02941e176b9f49a05c37d8417a76b96b4a65bcf8812221a82d30ffd3ad5061	ys	omz	2264a8042763edf2620cfe32d96b096e1f3d26aa	2264a8042763edf2620cfe32d96b096e1f3d26aa	5.9	2.55.0	1000	150	untracked	17	19.665	36.794	1	5	0	1	1788313780.088198	1788313780.293488	180923923	180925598
2026-09-02T01:43:24Z	2a8202573382705a9d423e5818e57d59e774bf3e	5a02941e176b9f49a05c37d8417a76b96b4a65bcf8812221a82d30ffd3ad5061	ys	omz	2264a8042763edf2620cfe32d96b096e1f3d26aa	2264a8042763edf2620cfe32d96b096e1f3d26aa	5.9	2.55.0	1000	150	untracked	18	16.371	40.241	1	5	0	1	1788313780.745327	1788313780.952902	180929438	180931437
2026-09-02T01:43:24Z	2a8202573382705a9d423e5818e57d59e774bf3e	5a02941e176b9f49a05c37d8417a76b96b4a65bcf8812221a82d30ffd3ad5061	ys	omz	2264a8042763edf2620cfe32d96b096e1f3d26aa	2264a8042763edf2620cfe32d96b096e1f3d26aa	5.9	2.55.0	1000	150	untracked	19	15.854	40.129	1	5	0	1	1788313781.398029	1788313781.608927	180934331	180935748
2026-09-02T01:43:24Z	2a8202573382705a9d423e5818e57d59e774bf3e	5a02941e176b9f49a05c37d8417a76b96b4a65bcf8812221a82d30ffd3ad5061	ys	omz	2264a8042763edf2620cfe32d96b096e1f3d26aa	2264a8042763edf2620cfe32d96b096e1f3d26aa	5.9	2.55.0	1000	150	untracked	20	18.022	43.585	1	5	0	1	1788313782.040881	1788313782.254046	180938654	180940716
2026-09-02T01:43:24Z	2a8202573382705a9d423e5818e57d59e774bf3e	5a02941e176b9f49a05c37d8417a76b96b4a65bcf8812221a82d30ffd3ad5061	bira	omz	2264a8042763edf2620cfe32d96b096e1f3d26aa	2264a8042763edf2620cfe32d96b096e1f3d26aa	5.9	2.55.0	1000	150	clean	1	16.742	43.592	1	5	0	1	1788313784.281331	1788313784.496091	180954069	180955517
2026-09-02T01:43:24Z	2a8202573382705a9d423e5818e57d59e774bf3e	5a02941e176b9f49a05c37d8417a76b96b4a65bcf8812221a82d30ffd3ad5061	bira	omz	2264a8042763edf2620cfe32d96b096e1f3d26aa	2264a8042763edf2620cfe32d96b096e1f3d26aa	5.9	2.55.0	1000	150	clean	2	16.548	40.038	1	5	0	1	1788313784.942264	1788313785.154945	180958089	180959379
2026-09-02T01:43:24Z	2a8202573382705a9d423e5818e57d59e774bf3e	5a02941e176b9f49a05c37d8417a76b96b4a65bcf8812221a82d30ffd3ad5061	bira	omz	2264a8042763edf2620cfe32d96b096e1f3d26aa	2264a8042763edf2620cfe32d96b096e1f3d26aa	5.9	2.55.0	1000	150	clean	3	17.218	41.443	1	5	0	1	1788313785.611405	1788313785.828032	180960525	180961141
2026-09-02T01:43:24Z	2a8202573382705a9d423e5818e57d59e774bf3e	5a02941e176b9f49a05c37d8417a76b96b4a65bcf8812221a82d30ffd3ad5061	bira	omz	2264a8042763edf2620cfe32d96b096e1f3d26aa	2264a8042763edf2620cfe32d96b096e1f3d26aa	5.9	2.55.0	1000	150	clean	4	16.844	40.403	1	5	0	1	1788313786.279098	1788313786.481175	180962496	180962942
2026-09-02T01:43:24Z	2a8202573382705a9d423e5818e57d59e774bf3e	5a02941e176b9f49a05c37d8417a76b96b4a65bcf8812221a82d30ffd3ad5061	bira	omz	2264a8042763edf2620cfe32d96b096e1f3d26aa	2264a8042763edf2620cfe32d96b096e1f3d26aa	5.9	2.55.0	1000	150	clean	5	16.557	39.917	1	5	0	1	1788313786.921551	1788313787.119319	180963945	180964406
2026-09-02T01:43:24Z	2a8202573382705a9d423e5818e57d59e774bf3e	5a02941e176b9f49a05c37d8417a76b96b4a65bcf8812221a82d30ffd3ad5061	bira	omz	2264a8042763edf2620cfe32d96b096e1f3d26aa	2264a8042763edf2620cfe32d96b096e1f3d26aa	5.9	2.55.0	1000	150	clean	6	16.827	40.872	1	5	0	1	1788313787.548991	1788313787.748804	180965210	180965760
2026-09-02T01:43:24Z	2a8202573382705a9d423e5818e57d59e774bf3e	5a02941e176b9f49a05c37d8417a76b96b4a65bcf8812221a82d30ffd3ad5061	bira	omz	2264a8042763edf2620cfe32d96b096e1f3d26aa	2264a8042763edf2620cfe32d96b096e1f3d26aa	5.9	2.55.0	1000	150	clean	7	17.301	41.021	1	5	0	1	1788313788.199084	1788313788.399486	180967147	180967527
2026-09-02T01:43:24Z	2a8202573382705a9d423e5818e57d59e774bf3e	5a02941e176b9f49a05c37d8417a76b96b4a65bcf8812221a82d30ffd3ad5061	bira	omz	2264a8042763edf2620cfe32d96b096e1f3d26aa	2264a8042763edf2620cfe32d96b096e1f3d26aa	5.9	2.55.0	1000	150	clean	8	17.077	40.676	1	5	0	1	1788313788.833632	1788313789.047822	180968675	180969273
2026-09-02T01:43:24Z	2a8202573382705a9d423e5818e57d59e774bf3e	5a02941e176b9f49a05c37d8417a76b96b4a65bcf8812221a82d30ffd3ad5061	bira	omz	2264a8042763edf2620cfe32d96b096e1f3d26aa	2264a8042763edf2620cfe32d96b096e1f3d26aa	5.9	2.55.0	1000	150	clean	9	17.604	41.775	1	5	0	1	1788313789.482246	1788313789.682834	180970388	180971080
2026-09-02T01:43:24Z	2a8202573382705a9d423e5818e57d59e774bf3e	5a02941e176b9f49a05c37d8417a76b96b4a65bcf8812221a82d30ffd3ad5061	bira	omz	2264a8042763edf2620cfe32d96b096e1f3d26aa	2264a8042763edf2620cfe32d96b096e1f3d26aa	5.9	2.55.0	1000	150	clean	10	16.792	40.419	1	5	0	1	1788313790.120668	1788313790.319151	180972195	180972599
2026-09-02T01:43:24Z	2a8202573382705a9d423e5818e57d59e774bf3e	5a02941e176b9f49a05c37d8417a76b96b4a65bcf8812221a82d30ffd3ad5061	bira	omz	2264a8042763edf2620cfe32d96b096e1f3d26aa	2264a8042763edf2620cfe32d96b096e1f3d26aa	5.9	2.55.0	1000	150	clean	11	16.895	40.777	1	5	0	1	1788313790.752985	1788313790.952815	180973979	180974537
2026-09-02T01:43:24Z	2a8202573382705a9d423e5818e57d59e774bf3e	5a02941e176b9f49a05c37d8417a76b96b4a65bcf8812221a82d30ffd3ad5061	bira	omz	2264a8042763edf2620cfe32d96b096e1f3d26aa	2264a8042763edf2620cfe32d96b096e1f3d26aa	5.9	2.55.0	1000	150	clean	12	17.191	40.950	1	5	0	1	1788313791.390841	1788313791.589839	180975233	180975530
2026-09-02T01:43:24Z	2a8202573382705a9d423e5818e57d59e774bf3e	5a02941e176b9f49a05c37d8417a76b96b4a65bcf8812221a82d30ffd3ad5061	bira	omz	2264a8042763edf2620cfe32d96b096e1f3d26aa	2264a8042763edf2620cfe32d96b096e1f3d26aa	5.9	2.55.0	1000	150	clean	13	17.260	40.936	1	5	0	1	1788313792.027816	1788313792.226635	180976433	180976779
2026-09-02T01:43:24Z	2a8202573382705a9d423e5818e57d59e774bf3e	5a02941e176b9f49a05c37d8417a76b96b4a65bcf8812221a82d30ffd3ad5061	bira	omz	2264a8042763edf2620cfe32d96b096e1f3d26aa	2264a8042763edf2620cfe32d96b096e1f3d26aa	5.9	2.55.0	1000	150	clean	14	16.464	39.879	1	5	0	1	1788313792.662911	1788313792.875520	180977557	180977893
2026-09-02T01:43:24Z	2a8202573382705a9d423e5818e57d59e774bf3e	5a02941e176b9f49a05c37d8417a76b96b4a65bcf8812221a82d30ffd3ad5061	bira	omz	2264a8042763edf2620cfe32d96b096e1f3d26aa	2264a8042763edf2620cfe32d96b096e1f3d26aa	5.9	2.55.0	1000	150	clean	15	17.002	40.359	1	5	0	1	1788313793.318794	1788313793.531909	180979728	180980035
2026-09-02T01:43:24Z	2a8202573382705a9d423e5818e57d59e774bf3e	5a02941e176b9f49a05c37d8417a76b96b4a65bcf8812221a82d30ffd3ad5061	bira	omz	2264a8042763edf2620cfe32d96b096e1f3d26aa	2264a8042763edf2620cfe32d96b096e1f3d26aa	5.9	2.55.0	1000	150	clean	16	17.209	40.982	1	5	0	1	1788313793.967226	1788313794.167332	180981496	180982326
2026-09-02T01:43:24Z	2a8202573382705a9d423e5818e57d59e774bf3e	5a02941e176b9f49a05c37d8417a76b96b4a65bcf8812221a82d30ffd3ad5061	bira	omz	2264a8042763edf2620cfe32d96b096e1f3d26aa	2264a8042763edf2620cfe32d96b096e1f3d26aa	5.9	2.55.0	1000	150	clean	17	17.064	41.975	1	5	0	1	1788313794.611189	1788313794.820407	180986500	180997978
2026-09-02T01:43:24Z	2a8202573382705a9d423e5818e57d59e774bf3e	5a02941e176b9f49a05c37d8417a76b96b4a65bcf8812221a82d30ffd3ad5061	bira	omz	2264a8042763edf2620cfe32d96b096e1f3d26aa	2264a8042763edf2620cfe32d96b096e1f3d26aa	5.9	2.55.0	1000	150	clean	18	16.738	40.174	1	5	0	1	1788313795.253647	1788313795.453199	180999510	181000261
2026-09-02T01:43:24Z	2a8202573382705a9d423e5818e57d59e774bf3e	5a02941e176b9f49a05c37d8417a76b96b4a65bcf8812221a82d30ffd3ad5061	bira	omz	2264a8042763edf2620cfe32d96b096e1f3d26aa	2264a8042763edf2620cfe32d96b096e1f3d26aa	5.9	2.55.0	1000	150	clean	19	17.412	41.597	1	5	0	1	1788313795.887010	1788313796.087672	181002541	181003412
2026-09-02T01:43:24Z	2a8202573382705a9d423e5818e57d59e774bf3e	5a02941e176b9f49a05c37d8417a76b96b4a65bcf8812221a82d30ffd3ad5061	bira	omz	2264a8042763edf2620cfe32d96b096e1f3d26aa	2264a8042763edf2620cfe32d96b096e1f3d26aa	5.9	2.55.0	1000	150	clean	20	16.664	41.749	1	5	0	1	1788313796.520066	1788313796.724945	181004382	181005111
2026-09-02T01:43:24Z	2a8202573382705a9d423e5818e57d59e774bf3e	5a02941e176b9f49a05c37d8417a76b96b4a65bcf8812221a82d30ffd3ad5061	bira	omz	2264a8042763edf2620cfe32d96b096e1f3d26aa	2264a8042763edf2620cfe32d96b096e1f3d26aa	5.9	2.55.0	1000	150	dirty	1	17.499	41.493	1	5	0	1	1788313797.185210	1788313797.399830	181006703	181007096
2026-09-02T01:43:24Z	2a8202573382705a9d423e5818e57d59e774bf3e	5a02941e176b9f49a05c37d8417a76b96b4a65bcf8812221a82d30ffd3ad5061	bira	omz	2264a8042763edf2620cfe32d96b096e1f3d26aa	2264a8042763edf2620cfe32d96b096e1f3d26aa	5.9	2.55.0	1000	150	dirty	2	19.760	46.402	1	5	0	1	1788313797.858744	1788313798.072596	181007888	181008171
2026-09-02T01:43:24Z	2a8202573382705a9d423e5818e57d59e774bf3e	5a02941e176b9f49a05c37d8417a76b96b4a65bcf8812221a82d30ffd3ad5061	bira	omz	2264a8042763edf2620cfe32d96b096e1f3d26aa	2264a8042763edf2620cfe32d96b096e1f3d26aa	5.9	2.55.0	1000	150	dirty	3	16.040	39.046	1	5	0	1	1788313798.522120	1788313798.719460	181008990	181009472
2026-09-02T01:43:24Z	2a8202573382705a9d423e5818e57d59e774bf3e	5a02941e176b9f49a05c37d8417a76b96b4a65bcf8812221a82d30ffd3ad5061	bira	omz	2264a8042763edf2620cfe32d96b096e1f3d26aa	2264a8042763edf2620cfe32d96b096e1f3d26aa	5.9	2.55.0	1000	150	dirty	4	16.963	39.868	1	5	0	1	1788313799.167844	1788313799.365108	181010557	181011398
2026-09-02T01:43:24Z	2a8202573382705a9d423e5818e57d59e774bf3e	5a02941e176b9f49a05c37d8417a76b96b4a65bcf8812221a82d30ffd3ad5061	bira	omz	2264a8042763edf2620cfe32d96b096e1f3d26aa	2264a8042763edf2620cfe32d96b096e1f3d26aa	5.9	2.55.0	1000	150	dirty	5	19.235	42.098	1	5	0	1	1788313799.822048	1788313800.027655	181012423	181012741
2026-09-02T01:43:24Z	2a8202573382705a9d423e5818e57d59e774bf3e	5a02941e176b9f49a05c37d8417a76b96b4a65bcf8812221a82d30ffd3ad5061	bira	omz	2264a8042763edf2620cfe32d96b096e1f3d26aa	2264a8042763edf2620cfe32d96b096e1f3d26aa	5.9	2.55.0	1000	150	dirty	6	15.952	38.801	1	5	0	1	1788313800.474131	1788313800.685363	181013395	181013825
2026-09-02T01:43:24Z	2a8202573382705a9d423e5818e57d59e774bf3e	5a02941e176b9f49a05c37d8417a76b96b4a65bcf8812221a82d30ffd3ad5061	bira	omz	2264a8042763edf2620cfe32d96b096e1f3d26aa	2264a8042763edf2620cfe32d96b096e1f3d26aa	5.9	2.55.0	1000	150	dirty	7	18.287	42.983	1	5	0	1	1788313801.137427	1788313801.342791	181015080	181015565
2026-09-02T01:43:24Z	2a8202573382705a9d423e5818e57d59e774bf3e	5a02941e176b9f49a05c37d8417a76b96b4a65bcf8812221a82d30ffd3ad5061	bira	omz	2264a8042763edf2620cfe32d96b096e1f3d26aa	2264a8042763edf2620cfe32d96b096e1f3d26aa	5.9	2.55.0	1000	150	dirty	8	17.376	44.894	1	5	0	1	1788313801.798107	1788313802.012066	181017932	181019107
2026-09-02T01:43:24Z	2a8202573382705a9d423e5818e57d59e774bf3e	5a02941e176b9f49a05c37d8417a76b96b4a65bcf8812221a82d30ffd3ad5061	bira	omz	2264a8042763edf2620cfe32d96b096e1f3d26aa	2264a8042763edf2620cfe32d96b096e1f3d26aa	5.9	2.55.0	1000	150	dirty	9	18.984	55.550	1	5	0	1	1788313802.473244	1788313802.705314	181022706	181031457
2026-09-02T01:43:24Z	2a8202573382705a9d423e5818e57d59e774bf3e	5a02941e176b9f49a05c37d8417a76b96b4a65bcf8812221a82d30ffd3ad5061	bira	omz	2264a8042763edf2620cfe32d96b096e1f3d26aa	2264a8042763edf2620cfe32d96b096e1f3d26aa	5.9	2.55.0	1000	150	dirty	10	17.664	41.902	1	5	0	1	1788313803.216194	1788313803.423199	181073300	181074670
2026-09-02T01:43:24Z	2a8202573382705a9d423e5818e57d59e774bf3e	5a02941e176b9f49a05c37d8417a76b96b4a65bcf8812221a82d30ffd3ad5061	bira	omz	2264a8042763edf2620cfe32d96b096e1f3d26aa	2264a8042763edf2620cfe32d96b096e1f3d26aa	5.9	2.55.0	1000	150	dirty	11	16.936	40.916	1	5	0	1	1788313803.888128	1788313804.087285	181079868	181081349
2026-09-02T01:43:24Z	2a8202573382705a9d423e5818e57d59e774bf3e	5a02941e176b9f49a05c37d8417a76b96b4a65bcf8812221a82d30ffd3ad5061	bira	omz	2264a8042763edf2620cfe32d96b096e1f3d26aa	2264a8042763edf2620cfe32d96b096e1f3d26aa	5.9	2.55.0	1000	150	dirty	12	16.158	41.279	1	5	0	1	1788313804.534250	1788313804.744540	181081865	181082132
2026-09-02T01:43:24Z	2a8202573382705a9d423e5818e57d59e774bf3e	5a02941e176b9f49a05c37d8417a76b96b4a65bcf8812221a82d30ffd3ad5061	bira	omz	2264a8042763edf2620cfe32d96b096e1f3d26aa	2264a8042763edf2620cfe32d96b096e1f3d26aa	5.9	2.55.0	1000	150	dirty	13	19.679	44.561	1	5	0	1	1788313805.201402	1788313805.418359	181082794	181083069
2026-09-02T01:43:24Z	2a8202573382705a9d423e5818e57d59e774bf3e	5a02941e176b9f49a05c37d8417a76b96b4a65bcf8812221a82d30ffd3ad5061	bira	omz	2264a8042763edf2620cfe32d96b096e1f3d26aa	2264a8042763edf2620cfe32d96b096e1f3d26aa	5.9	2.55.0	1000	150	dirty	14	20.583	38.973	1	5	0	1	1788313805.879570	1788313806.087009	181084281	181084814
2026-09-02T01:43:24Z	2a8202573382705a9d423e5818e57d59e774bf3e	5a02941e176b9f49a05c37d8417a76b96b4a65bcf8812221a82d30ffd3ad5061	bira	omz	2264a8042763edf2620cfe32d96b096e1f3d26aa	2264a8042763edf2620cfe32d96b096e1f3d26aa	5.9	2.55.0	1000	150	dirty	15	20.390	37.676	1	5	0	1	1788313806.532658	1788313806.735661	181086054	181087152
2026-09-02T01:43:24Z	2a8202573382705a9d423e5818e57d59e774bf3e	5a02941e176b9f49a05c37d8417a76b96b4a65bcf8812221a82d30ffd3ad5061	bira	omz	2264a8042763edf2620cfe32d96b096e1f3d26aa	2264a8042763edf2620cfe32d96b096e1f3d26aa	5.9	2.55.0	1000	150	dirty	16	16.013	41.198	1	5	0	1	1788313807.185758	1788313807.399471	181087824	181088017
2026-09-02T01:43:24Z	2a8202573382705a9d423e5818e57d59e774bf3e	5a02941e176b9f49a05c37d8417a76b96b4a65bcf8812221a82d30ffd3ad5061	bira	omz	2264a8042763edf2620cfe32d96b096e1f3d26aa	2264a8042763edf2620cfe32d96b096e1f3d26aa	5.9	2.55.0	1000	150	dirty	17	17.248	40.656	1	5	0	1	1788313807.865767	1788313808.078914	181088746	181089103
2026-09-02T01:43:24Z	2a8202573382705a9d423e5818e57d59e774bf3e	5a02941e176b9f49a05c37d8417a76b96b4a65bcf8812221a82d30ffd3ad5061	bira	omz	2264a8042763edf2620cfe32d96b096e1f3d26aa	2264a8042763edf2620cfe32d96b096e1f3d26aa	5.9	2.55.0	1000	150	dirty	18	18.238	42.897	1	5	0	1	1788313808.545895	1788313808.750716	181089680	181090208
2026-09-02T01:43:24Z	2a8202573382705a9d423e5818e57d59e774bf3e	5a02941e176b9f49a05c37d8417a76b96b4a65bcf8812221a82d30ffd3ad5061	bira	omz	2264a8042763edf2620cfe32d96b096e1f3d26aa	2264a8042763edf2620cfe32d96b096e1f3d26aa	5.9	2.55.0	1000	150	dirty	19	16.587	40.337	1	5	0	1	1788313809.187749	1788313809.400981	181091347	181091873
2026-09-02T01:43:24Z	2a8202573382705a9d423e5818e57d59e774bf3e	5a02941e176b9f49a05c37d8417a76b96b4a65bcf8812221a82d30ffd3ad5061	bira	omz	2264a8042763edf2620cfe32d96b096e1f3d26aa	2264a8042763edf2620cfe32d96b096e1f3d26aa	5.9	2.55.0	1000	150	dirty	20	17.987	42.205	1	5	0	1	1788313809.842760	1788313810.048005	181093050	181093411
2026-09-02T01:43:24Z	2a8202573382705a9d423e5818e57d59e774bf3e	5a02941e176b9f49a05c37d8417a76b96b4a65bcf8812221a82d30ffd3ad5061	bira	omz	2264a8042763edf2620cfe32d96b096e1f3d26aa	2264a8042763edf2620cfe32d96b096e1f3d26aa	5.9	2.55.0	1000	150	untracked	1	19.371	42.805	1	5	0	1	1788313810.512420	1788313810.718184	181094673	181095318
2026-09-02T01:43:24Z	2a8202573382705a9d423e5818e57d59e774bf3e	5a02941e176b9f49a05c37d8417a76b96b4a65bcf8812221a82d30ffd3ad5061	bira	omz	2264a8042763edf2620cfe32d96b096e1f3d26aa	2264a8042763edf2620cfe32d96b096e1f3d26aa	5.9	2.55.0	1000	150	untracked	2	20.735	37.578	1	5	0	1	1788313811.169675	1788313811.375295	181096624	181096975
2026-09-02T01:43:24Z	2a8202573382705a9d423e5818e57d59e774bf3e	5a02941e176b9f49a05c37d8417a76b96b4a65bcf8812221a82d30ffd3ad5061	bira	omz	2264a8042763edf2620cfe32d96b096e1f3d26aa	2264a8042763edf2620cfe32d96b096e1f3d26aa	5.9	2.55.0	1000	150	untracked	3	18.121	41.884	1	5	0	1	1788313811.821788	1788313812.024719	181097718	181097948
2026-09-02T01:43:24Z	2a8202573382705a9d423e5818e57d59e774bf3e	5a02941e176b9f49a05c37d8417a76b96b4a65bcf8812221a82d30ffd3ad5061	bira	omz	2264a8042763edf2620cfe32d96b096e1f3d26aa	2264a8042763edf2620cfe32d96b096e1f3d26aa	5.9	2.55.0	1000	150	untracked	4	20.827	37.719	1	5	0	1	1788313812.497375	1788313812.695049	181098385	181098590
2026-09-02T01:43:24Z	2a8202573382705a9d423e5818e57d59e774bf3e	5a02941e176b9f49a05c37d8417a76b96b4a65bcf8812221a82d30ffd3ad5061	bira	omz	2264a8042763edf2620cfe32d96b096e1f3d26aa	2264a8042763edf2620cfe32d96b096e1f3d26aa	5.9	2.55.0	1000	150	untracked	5	20.414	37.708	1	5	0	1	1788313813.175066	1788313813.380893	181099694	181099969
2026-09-02T01:43:24Z	2a8202573382705a9d423e5818e57d59e774bf3e	5a02941e176b9f49a05c37d8417a76b96b4a65bcf8812221a82d30ffd3ad5061	bira	omz	2264a8042763edf2620cfe32d96b096e1f3d26aa	2264a8042763edf2620cfe32d96b096e1f3d26aa	5.9	2.55.0	1000	150	untracked	6	20.364	46.456	1	5	0	1	1788313813.837495	1788313814.049285	181101043	181101321
2026-09-02T01:43:24Z	2a8202573382705a9d423e5818e57d59e774bf3e	5a02941e176b9f49a05c37d8417a76b96b4a65bcf8812221a82d30ffd3ad5061	bira	omz	2264a8042763edf2620cfe32d96b096e1f3d26aa	2264a8042763edf2620cfe32d96b096e1f3d26aa	5.9	2.55.0	1000	150	untracked	7	16.996	40.582	1	5	0	1	1788313814.527997	1788313814.725415	181102268	181102544
2026-09-02T01:43:24Z	2a8202573382705a9d423e5818e57d59e774bf3e	5a02941e176b9f49a05c37d8417a76b96b4a65bcf8812221a82d30ffd3ad5061	bira	omz	2264a8042763edf2620cfe32d96b096e1f3d26aa	2264a8042763edf2620cfe32d96b096e1f3d26aa	5.9	2.55.0	1000	150	untracked	8	20.931	38.239	1	5	0	1	1788313815.198345	1788313815.409214	181103431	181103659
2026-09-02T01:43:24Z	2a8202573382705a9d423e5818e57d59e774bf3e	5a02941e176b9f49a05c37d8417a76b96b4a65bcf8812221a82d30ffd3ad5061	bira	omz	2264a8042763edf2620cfe32d96b096e1f3d26aa	2264a8042763edf2620cfe32d96b096e1f3d26aa	5.9	2.55.0	1000	150	untracked	9	20.254	44.643	1	5	0	1	1788313815.887815	1788313816.093946	181104873	181105242
2026-09-02T01:43:24Z	2a8202573382705a9d423e5818e57d59e774bf3e	5a02941e176b9f49a05c37d8417a76b96b4a65bcf8812221a82d30ffd3ad5061	bira	omz	2264a8042763edf2620cfe32d96b096e1f3d26aa	2264a8042763edf2620cfe32d96b096e1f3d26aa	5.9	2.55.0	1000	150	untracked	10	18.136	42.930	1	5	0	1	1788313816.559243	1788313816.773733	181105691	181106228
2026-09-02T01:43:24Z	2a8202573382705a9d423e5818e57d59e774bf3e	5a02941e176b9f49a05c37d8417a76b96b4a65bcf8812221a82d30ffd3ad5061	bira	omz	2264a8042763edf2620cfe32d96b096e1f3d26aa	2264a8042763edf2620cfe32d96b096e1f3d26aa	5.9	2.55.0	1000	150	untracked	11	17.243	42.215	1	5	0	1	1788313817.225448	1788313817.428316	181107415	181108012
2026-09-02T01:43:24Z	2a8202573382705a9d423e5818e57d59e774bf3e	5a02941e176b9f49a05c37d8417a76b96b4a65bcf8812221a82d30ffd3ad5061	bira	omz	2264a8042763edf2620cfe32d96b096e1f3d26aa	2264a8042763edf2620cfe32d96b096e1f3d26aa	5.9	2.55.0	1000	150	untracked	12	16.545	39.775	1	5	0	1	1788313817.876069	1788313818.087946	181109044	181109534
2026-09-02T01:43:24Z	2a8202573382705a9d423e5818e57d59e774bf3e	5a02941e176b9f49a05c37d8417a76b96b4a65bcf8812221a82d30ffd3ad5061	bira	omz	2264a8042763edf2620cfe32d96b096e1f3d26aa	2264a8042763edf2620cfe32d96b096e1f3d26aa	5.9	2.55.0	1000	150	untracked	13	17.694	42.391	1	5	0	1	1788313818.546176	1788313818.749547	181110849	181111428
2026-09-02T01:43:24Z	2a8202573382705a9d423e5818e57d59e774bf3e	5a02941e176b9f49a05c37d8417a76b96b4a65bcf8812221a82d30ffd3ad5061	bira	omz	2264a8042763edf2620cfe32d96b096e1f3d26aa	2264a8042763edf2620cfe32d96b096e1f3d26aa	5.9	2.55.0	1000	150	untracked	14	17.902	42.091	1	5	0	1	1788313819.195400	1788313819.399903	181112443	181112708
2026-09-02T01:43:24Z	2a8202573382705a9d423e5818e57d59e774bf3e	5a02941e176b9f49a05c37d8417a76b96b4a65bcf8812221a82d30ffd3ad5061	bira	omz	2264a8042763edf2620cfe32d96b096e1f3d26aa	2264a8042763edf2620cfe32d96b096e1f3d26aa	5.9	2.55.0	1000	150	untracked	15	17.815	42.630	1	5	0	1	1788313819.838940	1788313820.043354	181113248	181113475
2026-09-02T01:43:24Z	2a8202573382705a9d423e5818e57d59e774bf3e	5a02941e176b9f49a05c37d8417a76b96b4a65bcf8812221a82d30ffd3ad5061	bira	omz	2264a8042763edf2620cfe32d96b096e1f3d26aa	2264a8042763edf2620cfe32d96b096e1f3d26aa	5.9	2.55.0	1000	150	untracked	16	17.745	42.485	1	5	0	1	1788313820.489186	1788313820.693937	181114191	181114708
2026-09-02T01:43:24Z	2a8202573382705a9d423e5818e57d59e774bf3e	5a02941e176b9f49a05c37d8417a76b96b4a65bcf8812221a82d30ffd3ad5061	bira	omz	2264a8042763edf2620cfe32d96b096e1f3d26aa	2264a8042763edf2620cfe32d96b096e1f3d26aa	5.9	2.55.0	1000	150	untracked	17	17.762	41.948	1	5	0	1	1788313821.137212	1788313821.341697	181115516	181115827
2026-09-02T01:43:24Z	2a8202573382705a9d423e5818e57d59e774bf3e	5a02941e176b9f49a05c37d8417a76b96b4a65bcf8812221a82d30ffd3ad5061	bira	omz	2264a8042763edf2620cfe32d96b096e1f3d26aa	2264a8042763edf2620cfe32d96b096e1f3d26aa	5.9	2.55.0	1000	150	untracked	18	17.748	42.239	1	5	0	1	1788313821.786945	1788313821.990810	181116716	181116997
2026-09-02T01:43:24Z	2a8202573382705a9d423e5818e57d59e774bf3e	5a02941e176b9f49a05c37d8417a76b96b4a65bcf8812221a82d30ffd3ad5061	bira	omz	2264a8042763edf2620cfe32d96b096e1f3d26aa	2264a8042763edf2620cfe32d96b096e1f3d26aa	5.9	2.55.0	1000	150	untracked	19	17.217	41.088	1	5	0	1	1788313822.429754	1788313822.632439	181118221	181118523
2026-09-02T01:43:24Z	2a8202573382705a9d423e5818e57d59e774bf3e	5a02941e176b9f49a05c37d8417a76b96b4a65bcf8812221a82d30ffd3ad5061	bira	omz	2264a8042763edf2620cfe32d96b096e1f3d26aa	2264a8042763edf2620cfe32d96b096e1f3d26aa	5.9	2.55.0	1000	150	untracked	20	18.439	43.396	1	5	0	1	1788313823.078651	1788313823.285592	181119715	181120170
2026-09-02T01:43:24Z	2a8202573382705a9d423e5818e57d59e774bf3e	5a02941e176b9f49a05c37d8417a76b96b4a65bcf8812221a82d30ffd3ad5061	pure	external	dbefd0dcafaa3ac7d7222ca50890d9d0c97f7ca2	2264a8042763edf2620cfe32d96b096e1f3d26aa	5.9	2.55.0	1000	150	clean	1	11.030	24.625	1	6	5	1	1788313824.890811	1788313825.077510	181123213	181123540
2026-09-02T01:43:24Z	2a8202573382705a9d423e5818e57d59e774bf3e	5a02941e176b9f49a05c37d8417a76b96b4a65bcf8812221a82d30ffd3ad5061	pure	external	dbefd0dcafaa3ac7d7222ca50890d9d0c97f7ca2	2264a8042763edf2620cfe32d96b096e1f3d26aa	5.9	2.55.0	1000	150	clean	2	10.670	23.355	1	6	5	1	1788313825.490580	1788313825.677394	181124269	181124513
2026-09-02T01:43:24Z	2a8202573382705a9d423e5818e57d59e774bf3e	5a02941e176b9f49a05c37d8417a76b96b4a65bcf8812221a82d30ffd3ad5061	pure	external	dbefd0dcafaa3ac7d7222ca50890d9d0c97f7ca2	2264a8042763edf2620cfe32d96b096e1f3d26aa	5.9	2.55.0	1000	150	clean	3	10.650	24.019	1	6	5	1	1788313826.092598	1788313826.279441	181125360	181125821
2026-09-02T01:43:24Z	2a8202573382705a9d423e5818e57d59e774bf3e	5a02941e176b9f49a05c37d8417a76b96b4a65bcf8812221a82d30ffd3ad5061	pure	external	dbefd0dcafaa3ac7d7222ca50890d9d0c97f7ca2	2264a8042763edf2620cfe32d96b096e1f3d26aa	5.9	2.55.0	1000	150	clean	4	10.687	23.841	1	6	5	1	1788313826.691347	1788313826.877421	181126649	181127170
2026-09-02T01:43:24Z	2a8202573382705a9d423e5818e57d59e774bf3e	5a02941e176b9f49a05c37d8417a76b96b4a65bcf8812221a82d30ffd3ad5061	pure	external	dbefd0dcafaa3ac7d7222ca50890d9d0c97f7ca2	2264a8042763edf2620cfe32d96b096e1f3d26aa	5.9	2.55.0	1000	150	clean	5	11.072	23.630	1	6	5	1	1788313827.289499	1788313827.475497	181127999	181128416
2026-09-02T01:43:24Z	2a8202573382705a9d423e5818e57d59e774bf3e	5a02941e176b9f49a05c37d8417a76b96b4a65bcf8812221a82d30ffd3ad5061	pure	external	dbefd0dcafaa3ac7d7222ca50890d9d0c97f7ca2	2264a8042763edf2620cfe32d96b096e1f3d26aa	5.9	2.55.0	1000	150	clean	6	11.455	24.398	1	6	5	1	1788313827.892080	1788313828.080706	181129539	181130125
2026-09-02T01:43:24Z	2a8202573382705a9d423e5818e57d59e774bf3e	5a02941e176b9f49a05c37d8417a76b96b4a65bcf8812221a82d30ffd3ad5061	pure	external	dbefd0dcafaa3ac7d7222ca50890d9d0c97f7ca2	2264a8042763edf2620cfe32d96b096e1f3d26aa	5.9	2.55.0	1000	150	clean	7	11.160	24.891	1	6	5	1	1788313828.495575	1788313828.684875	181131828	181132467
2026-09-02T01:43:24Z	2a8202573382705a9d423e5818e57d59e774bf3e	5a02941e176b9f49a05c37d8417a76b96b4a65bcf8812221a82d30ffd3ad5061	pure	external	dbefd0dcafaa3ac7d7222ca50890d9d0c97f7ca2	2264a8042763edf2620cfe32d96b096e1f3d26aa	5.9	2.55.0	1000	150	clean	8	11.760	24.334	1	6	5	1	1788313829.103188	1788313829.290411	181134439	181134846
2026-09-02T01:43:24Z	2a8202573382705a9d423e5818e57d59e774bf3e	5a02941e176b9f49a05c37d8417a76b96b4a65bcf8812221a82d30ffd3ad5061	pure	external	dbefd0dcafaa3ac7d7222ca50890d9d0c97f7ca2	2264a8042763edf2620cfe32d96b096e1f3d26aa	5.9	2.55.0	1000	150	clean	9	11.039	23.916	1	6	5	1	1788313829.727950	1788313829.919375	181136034	181136358
2026-09-02T01:43:24Z	2a8202573382705a9d423e5818e57d59e774bf3e	5a02941e176b9f49a05c37d8417a76b96b4a65bcf8812221a82d30ffd3ad5061	pure	external	dbefd0dcafaa3ac7d7222ca50890d9d0c97f7ca2	2264a8042763edf2620cfe32d96b096e1f3d26aa	5.9	2.55.0	1000	150	clean	10	13.200	32.476	1	6	5	1	1788313830.373521	1788313830.586915	181137288	181138092
2026-09-02T01:43:24Z	2a8202573382705a9d423e5818e57d59e774bf3e	5a02941e176b9f49a05c37d8417a76b96b4a65bcf8812221a82d30ffd3ad5061	pure	external	dbefd0dcafaa3ac7d7222ca50890d9d0c97f7ca2	2264a8042763edf2620cfe32d96b096e1f3d26aa	5.9	2.55.0	1000	150	clean	11	11.378	25.565	1	6	5	1	1788313831.009317	1788313831.202296	181139155	181139544
2026-09-02T01:43:24Z	2a8202573382705a9d423e5818e57d59e774bf3e	5a02941e176b9f49a05c37d8417a76b96b4a65bcf8812221a82d30ffd3ad5061	pure	external	dbefd0dcafaa3ac7d7222ca50890d9d0c97f7ca2	2264a8042763edf2620cfe32d96b096e1f3d26aa	5.9	2.55.0	1000	150	clean	12	11.163	25.812	1	6	5	1	1788313831.699151	1788313831.910588	181192585	181193353
2026-09-02T01:43:24Z	2a8202573382705a9d423e5818e57d59e774bf3e	5a02941e176b9f49a05c37d8417a76b96b4a65bcf8812221a82d30ffd3ad5061	pure	external	dbefd0dcafaa3ac7d7222ca50890d9d0c97f7ca2	2264a8042763edf2620cfe32d96b096e1f3d26aa	5.9	2.55.0	1000	150	clean	13	12.101	27.321	1	6	5	1	1788313832.334756	1788313832.528816	181194039	181195141
2026-09-02T01:43:24Z	2a8202573382705a9d423e5818e57d59e774bf3e	5a02941e176b9f49a05c37d8417a76b96b4a65bcf8812221a82d30ffd3ad5061	pure	external	dbefd0dcafaa3ac7d7222ca50890d9d0c97f7ca2	2264a8042763edf2620cfe32d96b096e1f3d26aa	5.9	2.55.0	1000	150	clean	14	10.089	24.335	1	6	5	1	1788313832.972689	1788313833.183456	181195970	181196205
2026-09-02T01:43:24Z	2a8202573382705a9d423e5818e57d59e774bf3e	5a02941e176b9f49a05c37d8417a76b96b4a65bcf8812221a82d30ffd3ad5061	pure	external	dbefd0dcafaa3ac7d7222ca50890d9d0c97f7ca2	2264a8042763edf2620cfe32d96b096e1f3d26aa	5.9	2.55.0	1000	150	clean	15	11.061	26.188	1	6	5	1	1788313833.590178	1788313833.777968	181196975	181197572
2026-09-02T01:43:24Z	2a8202573382705a9d423e5818e57d59e774bf3e	5a02941e176b9f49a05c37d8417a76b96b4a65bcf8812221a82d30ffd3ad5061	pure	external	dbefd0dcafaa3ac7d7222ca50890d9d0c97f7ca2	2264a8042763edf2620cfe32d96b096e1f3d26aa	5.9	2.55.0	1000	150	clean	16	10.577	24.558	1	6	5	1	1788313834.188102	1788313834.374644	181198725	181199295
2026-09-02T01:43:24Z	2a8202573382705a9d423e5818e57d59e774bf3e	5a02941e176b9f49a05c37d8417a76b96b4a65bcf8812221a82d30ffd3ad5061	pure	external	dbefd0dcafaa3ac7d7222ca50890d9d0c97f7ca2	2264a8042763edf2620cfe32d96b096e1f3d26aa	5.9	2.55.0	1000	150	clean	17	13.495	25.825	1	6	5	1	1788313834.803036	1788313834.994555	181199942	181200889
2026-09-02T01:43:24Z	2a8202573382705a9d423e5818e57d59e774bf3e	5a02941e176b9f49a05c37d8417a76b96b4a65bcf8812221a82d30ffd3ad5061	pure	external	dbefd0dcafaa3ac7d7222ca50890d9d0c97f7ca2	2264a8042763edf2620cfe32d96b096e1f3d26aa	5.9	2.55.0	1000	150	clean	18	13.231	25.213	1	6	5	1	1788313835.419423	1788313835.620151	181201573	181201906
2026-09-02T01:43:24Z	2a8202573382705a9d423e5818e57d59e774bf3e	5a02941e176b9f49a05c37d8417a76b96b4a65bcf8812221a82d30ffd3ad5061	pure	external	dbefd0dcafaa3ac7d7222ca50890d9d0c97f7ca2	2264a8042763edf2620cfe32d96b096e1f3d26aa	5.9	2.55.0	1000	150	clean	19	13.164	27.145	1	6	5	1	1788313836.064389	1788313836.267920	181202770	181203245
2026-09-02T01:43:24Z	2a8202573382705a9d423e5818e57d59e774bf3e	5a02941e176b9f49a05c37d8417a76b96b4a65bcf8812221a82d30ffd3ad5061	pure	external	dbefd0dcafaa3ac7d7222ca50890d9d0c97f7ca2	2264a8042763edf2620cfe32d96b096e1f3d26aa	5.9	2.55.0	1000	150	clean	20	10.198	24.444	1	6	5	1	1788313836.691225	1788313836.878487	181204149	181205123
2026-09-02T01:43:24Z	2a8202573382705a9d423e5818e57d59e774bf3e	5a02941e176b9f49a05c37d8417a76b96b4a65bcf8812221a82d30ffd3ad5061	pure	external	dbefd0dcafaa3ac7d7222ca50890d9d0c97f7ca2	2264a8042763edf2620cfe32d96b096e1f3d26aa	5.9	2.55.0	1000	150	dirty	1	10.577	24.889	1	6	5	1	1788313837.313799	1788313837.509977	181205819	181206066
2026-09-02T01:43:24Z	2a8202573382705a9d423e5818e57d59e774bf3e	5a02941e176b9f49a05c37d8417a76b96b4a65bcf8812221a82d30ffd3ad5061	pure	external	dbefd0dcafaa3ac7d7222ca50890d9d0c97f7ca2	2264a8042763edf2620cfe32d96b096e1f3d26aa	5.9	2.55.0	1000	150	dirty	2	13.243	25.809	1	6	5	1	1788313837.959526	1788313838.162070	181206957	181207196
2026-09-02T01:43:24Z	2a8202573382705a9d423e5818e57d59e774bf3e	5a02941e176b9f49a05c37d8417a76b96b4a65bcf8812221a82d30ffd3ad5061	pure	external	dbefd0dcafaa3ac7d7222ca50890d9d0c97f7ca2	2264a8042763edf2620cfe32d96b096e1f3d26aa	5.9	2.55.0	1000	150	dirty	3	12.724	25.626	1	6	5	1	1788313838.597702	1788313838.816410	181207595	181207909
2026-09-02T01:43:24Z	2a8202573382705a9d423e5818e57d59e774bf3e	5a02941e176b9f49a05c37d8417a76b96b4a65bcf8812221a82d30ffd3ad5061	pure	external	dbefd0dcafaa3ac7d7222ca50890d9d0c97f7ca2	2264a8042763edf2620cfe32d96b096e1f3d26aa	5.9	2.55.0	1000	150	dirty	4	10.295	23.878	1	6	5	1	1788313839.242733	1788313839.424817	181209085	181209252
2026-09-02T01:43:24Z	2a8202573382705a9d423e5818e57d59e774bf3e	5a02941e176b9f49a05c37d8417a76b96b4a65bcf8812221a82d30ffd3ad5061	pure	external	dbefd0dcafaa3ac7d7222ca50890d9d0c97f7ca2	2264a8042763edf2620cfe32d96b096e1f3d26aa	5.9	2.55.0	1000	150	dirty	5	11.106	24.714	1	6	5	1	1788313839.843439	1788313840.041686	181211168	181211613
2026-09-02T01:43:24Z	2a8202573382705a9d423e5818e57d59e774bf3e	5a02941e176b9f49a05c37d8417a76b96b4a65bcf8812221a82d30ffd3ad5061	pure	external	dbefd0dcafaa3ac7d7222ca50890d9d0c97f7ca2	2264a8042763edf2620cfe32d96b096e1f3d26aa	5.9	2.55.0	1000	150	dirty	6	13.153	25.395	1	6	5	1	1788313840.469398	1788313840.670609	181213938	181214595
2026-09-02T01:43:24Z	2a8202573382705a9d423e5818e57d59e774bf3e	5a02941e176b9f49a05c37d8417a76b96b4a65bcf8812221a82d30ffd3ad5061	pure	external	dbefd0dcafaa3ac7d7222ca50890d9d0c97f7ca2	2264a8042763edf2620cfe32d96b096e1f3d26aa	5.9	2.55.0	1000	150	dirty	7	11.708	27.156	1	6	5	1	1788313841.105887	1788313841.302875	181216292	181217403
2026-09-02T01:43:24Z	2a8202573382705a9d423e5818e57d59e774bf3e	5a02941e176b9f49a05c37d8417a76b96b4a65bcf8812221a82d30ffd3ad5061	pure	external	dbefd0dcafaa3ac7d7222ca50890d9d0c97f7ca2	2264a8042763edf2620cfe32d96b096e1f3d26aa	5.9	2.55.0	1000	150	dirty	8	11.770	24.520	1	6	5	1	1788313841.718261	1788313841.907583	181218164	181218810
2026-09-02T01:43:24Z	2a8202573382705a9d423e5818e57d59e774bf3e	5a02941e176b9f49a05c37d8417a76b96b4a65bcf8812221a82d30ffd3ad5061	pure	external	dbefd0dcafaa3ac7d7222ca50890d9d0c97f7ca2	2264a8042763edf2620cfe32d96b096e1f3d26aa	5.9	2.55.0	1000	150	dirty	9	11.238	23.739	1	6	5	1	1788313842.331959	1788313842.523180	181219746	181220247
2026-09-02T01:43:24Z	2a8202573382705a9d423e5818e57d59e774bf3e	5a02941e176b9f49a05c37d8417a76b96b4a65bcf8812221a82d30ffd3ad5061	pure	external	dbefd0dcafaa3ac7d7222ca50890d9d0c97f7ca2	2264a8042763edf2620cfe32d96b096e1f3d26aa	5.9	2.55.0	1000	150	dirty	10	11.582	23.967	1	6	5	1	1788313842.948550	1788313843.138442	181221199	181221505
2026-09-02T01:43:24Z	2a8202573382705a9d423e5818e57d59e774bf3e	5a02941e176b9f49a05c37d8417a76b96b4a65bcf8812221a82d30ffd3ad5061	pure	external	dbefd0dcafaa3ac7d7222ca50890d9d0c97f7ca2	2264a8042763edf2620cfe32d96b096e1f3d26aa	5.9	2.55.0	1000	150	dirty	11	11.915	24.341	1	6	5	1	1788313843.562226	1788313843.753036	181222380	181222986
2026-09-02T01:43:24Z	2a8202573382705a9d423e5818e57d59e774bf3e	5a02941e176b9f49a05c37d8417a76b96b4a65bcf8812221a82d30ffd3ad5061	pure	external	dbefd0dcafaa3ac7d7222ca50890d9d0c97f7ca2	2264a8042763edf2620cfe32d96b096e1f3d26aa	5.9	2.55.0	1000	150	dirty	12	13.476	25.574	1	6	5	1	1788313844.179425	1788313844.366342	181223794	181224390
2026-09-02T01:43:24Z	2a8202573382705a9d423e5818e57d59e774bf3e	5a02941e176b9f49a05c37d8417a76b96b4a65bcf8812221a82d30ffd3ad5061	pure	external	dbefd0dcafaa3ac7d7222ca50890d9d0c97f7ca2	2264a8042763edf2620cfe32d96b096e1f3d26aa	5.9	2.55.0	1000	150	dirty	13	13.416	26.542	1	6	5	1	1788313844.794774	1788313844.995473	181225311	181225699
2026-09-02T01:43:24Z	2a8202573382705a9d423e5818e57d59e774bf3e	5a02941e176b9f49a05c37d8417a76b96b4a65bcf8812221a82d30ffd3ad5061	pure	external	dbefd0dcafaa3ac7d7222ca50890d9d0c97f7ca2	2264a8042763edf2620cfe32d96b096e1f3d26aa	5.9	2.55.0	1000	150	dirty	14	13.693	26.347	1	6	5	1	1788313845.422415	1788313845.621898	181226783	181227258
2026-09-02T01:43:24Z	2a8202573382705a9d423e5818e57d59e774bf3e	5a02941e176b9f49a05c37d8417a76b96b4a65bcf8812221a82d30ffd3ad5061	pure	external	dbefd0dcafaa3ac7d7222ca50890d9d0c97f7ca2	2264a8042763edf2620cfe32d96b096e1f3d26aa	5.9	2.55.0	1000	150	dirty	15	13.007	40.884	1	6	5	1	1788313846.056342	1788313846.267602	181229055	181229794
2026-09-02T01:43:24Z	2a8202573382705a9d423e5818e57d59e774bf3e	5a02941e176b9f49a05c37d8417a76b96b4a65bcf8812221a82d30ffd3ad5061	pure	external	dbefd0dcafaa3ac7d7222ca50890d9d0c97f7ca2	2264a8042763edf2620cfe32d96b096e1f3d26aa	5.9	2.55.0	1000	150	dirty	16	12.898	28.039	1	6	5	1	1788313846.718636	1788313846.914608	181230499	181230966
2026-09-02T01:43:24Z	2a8202573382705a9d423e5818e57d59e774bf3e	5a02941e176b9f49a05c37d8417a76b96b4a65bcf8812221a82d30ffd3ad5061	pure	external	dbefd0dcafaa3ac7d7222ca50890d9d0c97f7ca2	2264a8042763edf2620cfe32d96b096e1f3d26aa	5.9	2.55.0	1000	150	dirty	17	20.883	36.856	1	6	5	1	1788313847.376225	1788313847.599639	181231674	181232217
2026-09-02T01:43:24Z	2a8202573382705a9d423e5818e57d59e774bf3e	5a02941e176b9f49a05c37d8417a76b96b4a65bcf8812221a82d30ffd3ad5061	pure	external	dbefd0dcafaa3ac7d7222ca50890d9d0c97f7ca2	2264a8042763edf2620cfe32d96b096e1f3d26aa	5.9	2.55.0	1000	150	dirty	18	11.159	24.638	1	6	5	1	1788313848.088602	1788313848.279861	181233823	181234091
2026-09-02T01:43:24Z	2a8202573382705a9d423e5818e57d59e774bf3e	5a02941e176b9f49a05c37d8417a76b96b4a65bcf8812221a82d30ffd3ad5061	pure	external	dbefd0dcafaa3ac7d7222ca50890d9d0c97f7ca2	2264a8042763edf2620cfe32d96b096e1f3d26aa	5.9	2.55.0	1000	150	dirty	19	10.614	24.499	1	6	5	1	1788313848.698773	1788313848.911095	181234724	181235075
2026-09-02T01:43:24Z	2a8202573382705a9d423e5818e57d59e774bf3e	5a02941e176b9f49a05c37d8417a76b96b4a65bcf8812221a82d30ffd3ad5061	pure	external	dbefd0dcafaa3ac7d7222ca50890d9d0c97f7ca2	2264a8042763edf2620cfe32d96b096e1f3d26aa	5.9	2.55.0	1000	150	dirty	20	10.616	25.887	1	6	5	1	1788313849.325159	1788313849.519028	181235634	181235961
2026-09-02T01:43:24Z	2a8202573382705a9d423e5818e57d59e774bf3e	5a02941e176b9f49a05c37d8417a76b96b4a65bcf8812221a82d30ffd3ad5061	pure	external	dbefd0dcafaa3ac7d7222ca50890d9d0c97f7ca2	2264a8042763edf2620cfe32d96b096e1f3d26aa	5.9	2.55.0	1000	150	untracked	1	10.978	23.944	1	6	5	1	1788313849.956491	1788313850.149598	181236420	181236981
2026-09-02T01:43:24Z	2a8202573382705a9d423e5818e57d59e774bf3e	5a02941e176b9f49a05c37d8417a76b96b4a65bcf8812221a82d30ffd3ad5061	pure	external	dbefd0dcafaa3ac7d7222ca50890d9d0c97f7ca2	2264a8042763edf2620cfe32d96b096e1f3d26aa	5.9	2.55.0	1000	150	untracked	2	11.355	24.762	1	6	5	1	1788313850.581564	1788313850.780199	181237968	181238755
2026-09-02T01:43:24Z	2a8202573382705a9d423e5818e57d59e774bf3e	5a02941e176b9f49a05c37d8417a76b96b4a65bcf8812221a82d30ffd3ad5061	pure	external	dbefd0dcafaa3ac7d7222ca50890d9d0c97f7ca2	2264a8042763edf2620cfe32d96b096e1f3d26aa	5.9	2.55.0	1000	150	untracked	3	12.710	31.322	1	6	5	1	1788313851.229497	1788313851.423236	181242595	181243760
2026-09-02T01:43:24Z	2a8202573382705a9d423e5818e57d59e774bf3e	5a02941e176b9f49a05c37d8417a76b96b4a65bcf8812221a82d30ffd3ad5061	pure	external	dbefd0dcafaa3ac7d7222ca50890d9d0c97f7ca2	2264a8042763edf2620cfe32d96b096e1f3d26aa	5.9	2.55.0	1000	150	untracked	4	13.626	28.381	1	6	5	1	1788313851.856743	1788313852.051744	181245469	181246974
2026-09-02T01:43:24Z	2a8202573382705a9d423e5818e57d59e774bf3e	5a02941e176b9f49a05c37d8417a76b96b4a65bcf8812221a82d30ffd3ad5061	pure	external	dbefd0dcafaa3ac7d7222ca50890d9d0c97f7ca2	2264a8042763edf2620cfe32d96b096e1f3d26aa	5.9	2.55.0	1000	150	untracked	5	10.707	25.627	1	6	5	1	1788313852.487052	1788313852.685407	181248762	181249909
2026-09-02T01:43:24Z	2a8202573382705a9d423e5818e57d59e774bf3e	5a02941e176b9f49a05c37d8417a76b96b4a65bcf8812221a82d30ffd3ad5061	pure	external	dbefd0dcafaa3ac7d7222ca50890d9d0c97f7ca2	2264a8042763edf2620cfe32d96b096e1f3d26aa	5.9	2.55.0	1000	150	untracked	6	13.869	26.480	1	6	5	1	1788313853.138181	1788313853.341800	181251171	181251712
2026-09-02T01:43:24Z	2a8202573382705a9d423e5818e57d59e774bf3e	5a02941e176b9f49a05c37d8417a76b96b4a65bcf8812221a82d30ffd3ad5061	pure	external	dbefd0dcafaa3ac7d7222ca50890d9d0c97f7ca2	2264a8042763edf2620cfe32d96b096e1f3d26aa	5.9	2.55.0	1000	150	untracked	7	12.360	26.815	1	6	5	1	1788313853.771284	1788313853.969647	181252851	181253437
2026-09-02T01:43:24Z	2a8202573382705a9d423e5818e57d59e774bf3e	5a02941e176b9f49a05c37d8417a76b96b4a65bcf8812221a82d30ffd3ad5061	pure	external	dbefd0dcafaa3ac7d7222ca50890d9d0c97f7ca2	2264a8042763edf2620cfe32d96b096e1f3d26aa	5.9	2.55.0	1000	150	untracked	8	10.813	25.091	1	6	5	1	1788313854.413635	1788313854.609099	181254550	181254836
2026-09-02T01:43:24Z	2a8202573382705a9d423e5818e57d59e774bf3e	5a02941e176b9f49a05c37d8417a76b96b4a65bcf8812221a82d30ffd3ad5061	pure	external	dbefd0dcafaa3ac7d7222ca50890d9d0c97f7ca2	2264a8042763edf2620cfe32d96b096e1f3d26aa	5.9	2.55.0	1000	150	untracked	9	12.721	28.220	1	6	5	1	1788313855.033908	1788313855.231750	181255770	181256831
2026-09-02T01:43:24Z	2a8202573382705a9d423e5818e57d59e774bf3e	5a02941e176b9f49a05c37d8417a76b96b4a65bcf8812221a82d30ffd3ad5061	pure	external	dbefd0dcafaa3ac7d7222ca50890d9d0c97f7ca2	2264a8042763edf2620cfe32d96b096e1f3d26aa	5.9	2.55.0	1000	150	untracked	10	10.994	23.862	1	6	5	1	1788313855.658582	1788313855.850682	181257999	181258708
2026-09-02T01:43:24Z	2a8202573382705a9d423e5818e57d59e774bf3e	5a02941e176b9f49a05c37d8417a76b96b4a65bcf8812221a82d30ffd3ad5061	pure	external	dbefd0dcafaa3ac7d7222ca50890d9d0c97f7ca2	2264a8042763edf2620cfe32d96b096e1f3d26aa	5.9	2.55.0	1000	150	untracked	11	11.546	39.395	1	6	5	1	1788313856.281579	1788313856.491626	181260507	181261367
2026-09-02T01:43:24Z	2a8202573382705a9d423e5818e57d59e774bf3e	5a02941e176b9f49a05c37d8417a76b96b4a65bcf8812221a82d30ffd3ad5061	pure	external	dbefd0dcafaa3ac7d7222ca50890d9d0c97f7ca2	2264a8042763edf2620cfe32d96b096e1f3d26aa	5.9	2.55.0	1000	150	untracked	12	16.008	35.556	1	6	5	1	1788313856.964378	1788313857.176746	181264058	181264838
2026-09-02T01:43:24Z	2a8202573382705a9d423e5818e57d59e774bf3e	5a02941e176b9f49a05c37d8417a76b96b4a65bcf8812221a82d30ffd3ad5061	pure	external	dbefd0dcafaa3ac7d7222ca50890d9d0c97f7ca2	2264a8042763edf2620cfe32d96b096e1f3d26aa	5.9	2.55.0	1000	150	untracked	13	12.652	29.185	1	6	5	1	1788313857.642352	1788313857.842898	181266679	181267935
2026-09-02T01:43:24Z	2a8202573382705a9d423e5818e57d59e774bf3e	5a02941e176b9f49a05c37d8417a76b96b4a65bcf8812221a82d30ffd3ad5061	pure	external	dbefd0dcafaa3ac7d7222ca50890d9d0c97f7ca2	2264a8042763edf2620cfe32d96b096e1f3d26aa	5.9	2.55.0	1000	150	untracked	14	17.616	34.179	1	6	5	1	1788313858.316269	1788313858.514595	181269490	181270395
2026-09-02T01:43:24Z	2a8202573382705a9d423e5818e57d59e774bf3e	5a02941e176b9f49a05c37d8417a76b96b4a65bcf8812221a82d30ffd3ad5061	pure	external	dbefd0dcafaa3ac7d7222ca50890d9d0c97f7ca2	2264a8042763edf2620cfe32d96b096e1f3d26aa	5.9	2.55.0	1000	150	untracked	15	17.024	34.558	1	6	5	1	1788313858.968898	1788313859.181005	181271913	181272914
2026-09-02T01:43:24Z	2a8202573382705a9d423e5818e57d59e774bf3e	5a02941e176b9f49a05c37d8417a76b96b4a65bcf8812221a82d30ffd3ad5061	pure	external	dbefd0dcafaa3ac7d7222ca50890d9d0c97f7ca2	2264a8042763edf2620cfe32d96b096e1f3d26aa	5.9	2.55.0	1000	150	untracked	16	17.004	35.228	1	6	5	1	1788313859.663359	1788313859.879638	181275025	181275873
2026-09-02T01:43:24Z	2a8202573382705a9d423e5818e57d59e774bf3e	5a02941e176b9f49a05c37d8417a76b96b4a65bcf8812221a82d30ffd3ad5061	pure	external	dbefd0dcafaa3ac7d7222ca50890d9d0c97f7ca2	2264a8042763edf2620cfe32d96b096e1f3d26aa	5.9	2.55.0	1000	150	untracked	17	16.645	34.518	1	6	5	1	1788313860.337710	1788313860.550473	181279100	181280430
2026-09-02T01:43:24Z	2a8202573382705a9d423e5818e57d59e774bf3e	5a02941e176b9f49a05c37d8417a76b96b4a65bcf8812221a82d30ffd3ad5061	pure	external	dbefd0dcafaa3ac7d7222ca50890d9d0c97f7ca2	2264a8042763edf2620cfe32d96b096e1f3d26aa	5.9	2.55.0	1000	150	untracked	18	12.244	26.819	1	6	5	1	1788313861.008443	1788313861.206409	181282729	181283755
2026-09-02T01:43:24Z	2a8202573382705a9d423e5818e57d59e774bf3e	5a02941e176b9f49a05c37d8417a76b96b4a65bcf8812221a82d30ffd3ad5061	pure	external	dbefd0dcafaa3ac7d7222ca50890d9d0c97f7ca2	2264a8042763edf2620cfe32d96b096e1f3d26aa	5.9	2.55.0	1000	150	untracked	19	12.335	27.446	1	6	5	1	1788313861.668402	1788313861.875471	181286816	181287699
2026-09-02T01:43:24Z	2a8202573382705a9d423e5818e57d59e774bf3e	5a02941e176b9f49a05c37d8417a76b96b4a65bcf8812221a82d30ffd3ad5061	pure	external	dbefd0dcafaa3ac7d7222ca50890d9d0c97f7ca2	2264a8042763edf2620cfe32d96b096e1f3d26aa	5.9	2.55.0	1000	150	untracked	20	12.329	29.698	1	6	5	1	1788313862.339535	1788313862.537980	181288926	181290011
2026-09-02T01:43:24Z	2a8202573382705a9d423e5818e57d59e774bf3e	5a02941e176b9f49a05c37d8417a76b96b4a65bcf8812221a82d30ffd3ad5061	powerlevel10k-pure	external	35833ea15f14b71dbcebc7e54c104d8d56ca5268	2264a8042763edf2620cfe32d96b096e1f3d26aa	5.9	2.55.0	1000	150	clean	1	13.194	22.790	1	0	0	1	1788313864.531753	1788313864.730601	181321557	181323586
2026-09-02T01:43:24Z	2a8202573382705a9d423e5818e57d59e774bf3e	5a02941e176b9f49a05c37d8417a76b96b4a65bcf8812221a82d30ffd3ad5061	powerlevel10k-pure	external	35833ea15f14b71dbcebc7e54c104d8d56ca5268	2264a8042763edf2620cfe32d96b096e1f3d26aa	5.9	2.55.0	1000	150	clean	2	14.233	14.838	1	0	0	1	1788313865.164757	1788313865.344548	181325627	181326253
2026-09-02T01:43:24Z	2a8202573382705a9d423e5818e57d59e774bf3e	5a02941e176b9f49a05c37d8417a76b96b4a65bcf8812221a82d30ffd3ad5061	powerlevel10k-pure	external	35833ea15f14b71dbcebc7e54c104d8d56ca5268	2264a8042763edf2620cfe32d96b096e1f3d26aa	5.9	2.55.0	1000	150	clean	3	13.260	21.804	1	0	0	1	1788313865.777166	1788313865.961873	181328626	181329707
2026-09-02T01:43:24Z	2a8202573382705a9d423e5818e57d59e774bf3e	5a02941e176b9f49a05c37d8417a76b96b4a65bcf8812221a82d30ffd3ad5061	powerlevel10k-pure	external	35833ea15f14b71dbcebc7e54c104d8d56ca5268	2264a8042763edf2620cfe32d96b096e1f3d26aa	5.9	2.55.0	1000	150	clean	4	13.819	14.425	1	0	0	1	1788313866.385041	1788313866.577045	181331885	181333341
2026-09-02T01:43:24Z	2a8202573382705a9d423e5818e57d59e774bf3e	5a02941e176b9f49a05c37d8417a76b96b4a65bcf8812221a82d30ffd3ad5061	powerlevel10k-pure	external	35833ea15f14b71dbcebc7e54c104d8d56ca5268	2264a8042763edf2620cfe32d96b096e1f3d26aa	5.9	2.55.0	1000	150	clean	5	12.994	22.063	1	0	0	1	1788313867.011606	1788313867.211581	181336661	181338754
2026-09-02T01:43:24Z	2a8202573382705a9d423e5818e57d59e774bf3e	5a02941e176b9f49a05c37d8417a76b96b4a65bcf8812221a82d30ffd3ad5061	powerlevel10k-pure	external	35833ea15f14b71dbcebc7e54c104d8d56ca5268	2264a8042763edf2620cfe32d96b096e1f3d26aa	5.9	2.55.0	1000	150	clean	6	12.445	13.059	1	0	0	1	1788313867.642779	1788313867.820166	181342073	181343237
2026-09-02T01:43:24Z	2a8202573382705a9d423e5818e57d59e774bf3e	5a02941e176b9f49a05c37d8417a76b96b4a65bcf8812221a82d30ffd3ad5061	powerlevel10k-pure	external	35833ea15f14b71dbcebc7e54c104d8d56ca5268	2264a8042763edf2620cfe32d96b096e1f3d26aa	5.9	2.55.0	1000	150	clean	7	14.583	15.176	1	0	0	1	1788313868.269238	1788313868.450940	181346460	181347767
2026-09-02T01:43:24Z	2a8202573382705a9d423e5818e57d59e774bf3e	5a02941e176b9f49a05c37d8417a76b96b4a65bcf8812221a82d30ffd3ad5061	powerlevel10k-pure	external	35833ea15f14b71dbcebc7e54c104d8d56ca5268	2264a8042763edf2620cfe32d96b096e1f3d26aa	5.9	2.55.0	1000	150	clean	8	13.474	14.102	1	0	0	1	1788313868.869088	1788313869.051176	181351381	181352330
2026-09-02T01:43:24Z	2a8202573382705a9d423e5818e57d59e774bf3e	5a02941e176b9f49a05c37d8417a76b96b4a65bcf8812221a82d30ffd3ad5061	powerlevel10k-pure	external	35833ea15f14b71dbcebc7e54c104d8d56ca5268	2264a8042763edf2620cfe32d96b096e1f3d26aa	5.9	2.55.0	1000	150	clean	9	12.575	13.149	1	0	0	1	1788313869.485447	1788313869.668010	181354705	181355512
2026-09-02T01:43:24Z	2a8202573382705a9d423e5818e57d59e774bf3e	5a02941e176b9f49a05c37d8417a76b96b4a65bcf8812221a82d30ffd3ad5061	powerlevel10k-pure	external	35833ea15f14b71dbcebc7e54c104d8d56ca5268	2264a8042763edf2620cfe32d96b096e1f3d26aa	5.9	2.55.0	1000	150	clean	10	13.865	14.617	1	0	0	1	1788313870.075288	1788313870.258451	181358595	181359500
2026-09-02T01:43:24Z	2a8202573382705a9d423e5818e57d59e774bf3e	5a02941e176b9f49a05c37d8417a76b96b4a65bcf8812221a82d30ffd3ad5061	powerlevel10k-pure	external	35833ea15f14b71dbcebc7e54c104d8d56ca5268	2264a8042763edf2620cfe32d96b096e1f3d26aa	5.9	2.55.0	1000	150	clean	11	11.972	12.563	1	0	0	1	1788313870.668572	1788313870.847799	181362211	181363521
2026-09-02T01:43:24Z	2a8202573382705a9d423e5818e57d59e774bf3e	5a02941e176b9f49a05c37d8417a76b96b4a65bcf8812221a82d30ffd3ad5061	powerlevel10k-pure	external	35833ea15f14b71dbcebc7e54c104d8d56ca5268	2264a8042763edf2620cfe32d96b096e1f3d26aa	5.9	2.55.0	1000	150	clean	12	12.497	13.060	1	0	0	1	1788313871.265440	1788313871.451388	181367237	181368643
2026-09-02T01:43:24Z	2a8202573382705a9d423e5818e57d59e774bf3e	5a02941e176b9f49a05c37d8417a76b96b4a65bcf8812221a82d30ffd3ad5061	powerlevel10k-pure	external	35833ea15f14b71dbcebc7e54c104d8d56ca5268	2264a8042763edf2620cfe32d96b096e1f3d26aa	5.9	2.55.0	1000	150	clean	13	11.733	12.283	1	0	0	1	1788313871.862398	1788313872.049875	181371485	181372696
2026-09-02T01:43:24Z	2a8202573382705a9d423e5818e57d59e774bf3e	5a02941e176b9f49a05c37d8417a76b96b4a65bcf8812221a82d30ffd3ad5061	powerlevel10k-pure	external	35833ea15f14b71dbcebc7e54c104d8d56ca5268	2264a8042763edf2620cfe32d96b096e1f3d26aa	5.9	2.55.0	1000	150	clean	14	13.484	14.206	1	0	0	1	1788313872.464127	1788313872.645632	181376682	181378199
2026-09-02T01:43:24Z	2a8202573382705a9d423e5818e57d59e774bf3e	5a02941e176b9f49a05c37d8417a76b96b4a65bcf8812221a82d30ffd3ad5061	powerlevel10k-pure	external	35833ea15f14b71dbcebc7e54c104d8d56ca5268	2264a8042763edf2620cfe32d96b096e1f3d26aa	5.9	2.55.0	1000	150	clean	15	11.520	12.068	1	0	0	1	1788313873.061909	1788313873.243889	181380657	181381737
2026-09-02T01:43:24Z	2a8202573382705a9d423e5818e57d59e774bf3e	5a02941e176b9f49a05c37d8417a76b96b4a65bcf8812221a82d30ffd3ad5061	powerlevel10k-pure	external	35833ea15f14b71dbcebc7e54c104d8d56ca5268	2264a8042763edf2620cfe32d96b096e1f3d26aa	5.9	2.55.0	1000	150	clean	16	14.458	15.263	1	0	0	1	1788313873.659807	1788313873.850847	181384555	181385833
2026-09-02T01:43:24Z	2a8202573382705a9d423e5818e57d59e774bf3e	5a02941e176b9f49a05c37d8417a76b96b4a65bcf8812221a82d30ffd3ad5061	powerlevel10k-pure	external	35833ea15f14b71dbcebc7e54c104d8d56ca5268	2264a8042763edf2620cfe32d96b096e1f3d26aa	5.9	2.55.0	1000	150	clean	17	14.158	14.734	1	0	0	1	1788313874.259101	1788313874.439893	181388582	181390802
2026-09-02T01:43:24Z	2a8202573382705a9d423e5818e57d59e774bf3e	5a02941e176b9f49a05c37d8417a76b96b4a65bcf8812221a82d30ffd3ad5061	powerlevel10k-pure	external	35833ea15f14b71dbcebc7e54c104d8d56ca5268	2264a8042763edf2620cfe32d96b096e1f3d26aa	5.9	2.55.0	1000	150	clean	18	16.029	16.728	1	0	0	1	1788313874.850472	1788313875.026213	181394292	181396011
2026-09-02T01:43:24Z	2a8202573382705a9d423e5818e57d59e774bf3e	5a02941e176b9f49a05c37d8417a76b96b4a65bcf8812221a82d30ffd3ad5061	powerlevel10k-pure	external	35833ea15f14b71dbcebc7e54c104d8d56ca5268	2264a8042763edf2620cfe32d96b096e1f3d26aa	5.9	2.55.0	1000	150	clean	19	15.093	15.792	1	0	0	1	1788313875.456338	1788313875.640698	181398530	181400279
2026-09-02T01:43:24Z	2a8202573382705a9d423e5818e57d59e774bf3e	5a02941e176b9f49a05c37d8417a76b96b4a65bcf8812221a82d30ffd3ad5061	powerlevel10k-pure	external	35833ea15f14b71dbcebc7e54c104d8d56ca5268	2264a8042763edf2620cfe32d96b096e1f3d26aa	5.9	2.55.0	1000	150	clean	20	11.837	12.395	1	0	0	1	1788313876.037339	1788313876.217814	181401829	181402974
2026-09-02T01:43:24Z	2a8202573382705a9d423e5818e57d59e774bf3e	5a02941e176b9f49a05c37d8417a76b96b4a65bcf8812221a82d30ffd3ad5061	powerlevel10k-pure	external	35833ea15f14b71dbcebc7e54c104d8d56ca5268	2264a8042763edf2620cfe32d96b096e1f3d26aa	5.9	2.55.0	1000	150	dirty	1	15.429	16.210	1	0	0	1	1788313876.660015	1788313876.836487	181405413	181406392
2026-09-02T01:43:24Z	2a8202573382705a9d423e5818e57d59e774bf3e	5a02941e176b9f49a05c37d8417a76b96b4a65bcf8812221a82d30ffd3ad5061	powerlevel10k-pure	external	35833ea15f14b71dbcebc7e54c104d8d56ca5268	2264a8042763edf2620cfe32d96b096e1f3d26aa	5.9	2.55.0	1000	150	dirty	2	12.766	13.565	1	0	0	1	1788313877.261616	1788313877.434246	181408917	181410193
2026-09-02T01:43:24Z	2a8202573382705a9d423e5818e57d59e774bf3e	5a02941e176b9f49a05c37d8417a76b96b4a65bcf8812221a82d30ffd3ad5061	powerlevel10k-pure	external	35833ea15f14b71dbcebc7e54c104d8d56ca5268	2264a8042763edf2620cfe32d96b096e1f3d26aa	5.9	2.55.0	1000	150	dirty	3	11.180	11.806	1	0	0	1	1788313877.850729	1788313878.036275	181413512	181415049
2026-09-02T01:43:24Z	2a8202573382705a9d423e5818e57d59e774bf3e	5a02941e176b9f49a05c37d8417a76b96b4a65bcf8812221a82d30ffd3ad5061	powerlevel10k-pure	external	35833ea15f14b71dbcebc7e54c104d8d56ca5268	2264a8042763edf2620cfe32d96b096e1f3d26aa	5.9	2.55.0	1000	150	dirty	4	14.177	14.964	1	0	0	1	1788313878.473395	1788313878.647763	181417742	181418699
2026-09-02T01:43:24Z	2a8202573382705a9d423e5818e57d59e774bf3e	5a02941e176b9f49a05c37d8417a76b96b4a65bcf8812221a82d30ffd3ad5061	powerlevel10k-pure	external	35833ea15f14b71dbcebc7e54c104d8d56ca5268	2264a8042763edf2620cfe32d96b096e1f3d26aa	5.9	2.55.0	1000	150	dirty	5	13.948	14.632	1	0	0	1	1788313879.048476	1788313879.231593	181420902	181421885
2026-09-02T01:43:24Z	2a8202573382705a9d423e5818e57d59e774bf3e	5a02941e176b9f49a05c37d8417a76b96b4a65bcf8812221a82d30ffd3ad5061	powerlevel10k-pure	external	35833ea15f14b71dbcebc7e54c104d8d56ca5268	2264a8042763edf2620cfe32d96b096e1f3d26aa	5.9	2.55.0	1000	150	dirty	6	13.219	13.877	1	0	0	1	1788313879.656003	1788313879.834149	181424246	181425251
2026-09-02T01:43:24Z	2a8202573382705a9d423e5818e57d59e774bf3e	5a02941e176b9f49a05c37d8417a76b96b4a65bcf8812221a82d30ffd3ad5061	powerlevel10k-pure	external	35833ea15f14b71dbcebc7e54c104d8d56ca5268	2264a8042763edf2620cfe32d96b096e1f3d26aa	5.9	2.55.0	1000	150	dirty	7	12.944	13.615	1	0	0	1	1788313880.248697	1788313880.431405	181427772	181429325
2026-09-02T01:43:24Z	2a8202573382705a9d423e5818e57d59e774bf3e	5a02941e176b9f49a05c37d8417a76b96b4a65bcf8812221a82d30ffd3ad5061	powerlevel10k-pure	external	35833ea15f14b71dbcebc7e54c104d8d56ca5268	2264a8042763edf2620cfe32d96b096e1f3d26aa	5.9	2.55.0	1000	150	dirty	8	14.537	15.328	1	0	0	1	1788313880.854596	1788313881.029904	181431511	181432434
2026-09-02T01:43:24Z	2a8202573382705a9d423e5818e57d59e774bf3e	5a02941e176b9f49a05c37d8417a76b96b4a65bcf8812221a82d30ffd3ad5061	powerlevel10k-pure	external	35833ea15f14b71dbcebc7e54c104d8d56ca5268	2264a8042763edf2620cfe32d96b096e1f3d26aa	5.9	2.55.0	1000	150	dirty	9	11.762	12.386	1	0	0	1	1788313881.438934	1788313881.618528	181434331	181434981
2026-09-02T01:43:24Z	2a8202573382705a9d423e5818e57d59e774bf3e	5a02941e176b9f49a05c37d8417a76b96b4a65bcf8812221a82d30ffd3ad5061	powerlevel10k-pure	external	35833ea15f14b71dbcebc7e54c104d8d56ca5268	2264a8042763edf2620cfe32d96b096e1f3d26aa	5.9	2.55.0	1000	150	dirty	10	11.453	12.083	1	0	0	1	1788313882.018739	1788313882.202943	181436794	181438284
2026-09-02T01:43:24Z	2a8202573382705a9d423e5818e57d59e774bf3e	5a02941e176b9f49a05c37d8417a76b96b4a65bcf8812221a82d30ffd3ad5061	powerlevel10k-pure	external	35833ea15f14b71dbcebc7e54c104d8d56ca5268	2264a8042763edf2620cfe32d96b096e1f3d26aa	5.9	2.55.0	1000	150	dirty	11	11.706	12.356	1	0	0	1	1788313882.620571	1788313882.806909	181441086	181442197
2026-09-02T01:43:24Z	2a8202573382705a9d423e5818e57d59e774bf3e	5a02941e176b9f49a05c37d8417a76b96b4a65bcf8812221a82d30ffd3ad5061	powerlevel10k-pure	external	35833ea15f14b71dbcebc7e54c104d8d56ca5268	2264a8042763edf2620cfe32d96b096e1f3d26aa	5.9	2.55.0	1000	150	dirty	12	12.403	13.065	1	0	0	1	1788313883.217693	1788313883.398845	181444327	181445329
2026-09-02T01:43:24Z	2a8202573382705a9d423e5818e57d59e774bf3e	5a02941e176b9f49a05c37d8417a76b96b4a65bcf8812221a82d30ffd3ad5061	powerlevel10k-pure	external	35833ea15f14b71dbcebc7e54c104d8d56ca5268	2264a8042763edf2620cfe32d96b096e1f3d26aa	5.9	2.55.0	1000	150	dirty	13	12.779	13.487	1	0	0	1	1788313883.796727	1788313883.986621	181446927	181447993
2026-09-02T01:43:24Z	2a8202573382705a9d423e5818e57d59e774bf3e	5a02941e176b9f49a05c37d8417a76b96b4a65bcf8812221a82d30ffd3ad5061	powerlevel10k-pure	external	35833ea15f14b71dbcebc7e54c104d8d56ca5268	2264a8042763edf2620cfe32d96b096e1f3d26aa	5.9	2.55.0	1000	150	dirty	14	11.193	11.818	1	0	0	1	1788313884.395660	1788313884.574277	181450861	181451936
2026-09-02T01:43:24Z	2a8202573382705a9d423e5818e57d59e774bf3e	5a02941e176b9f49a05c37d8417a76b96b4a65bcf8812221a82d30ffd3ad5061	powerlevel10k-pure	external	35833ea15f14b71dbcebc7e54c104d8d56ca5268	2264a8042763edf2620cfe32d96b096e1f3d26aa	5.9	2.55.0	1000	150	dirty	15	12.606	13.243	1	0	0	1	1788313884.984917	1788313885.163569	181455738	181456880
2026-09-02T01:43:24Z	2a8202573382705a9d423e5818e57d59e774bf3e	5a02941e176b9f49a05c37d8417a76b96b4a65bcf8812221a82d30ffd3ad5061	powerlevel10k-pure	external	35833ea15f14b71dbcebc7e54c104d8d56ca5268	2264a8042763edf2620cfe32d96b096e1f3d26aa	5.9	2.55.0	1000	150	dirty	16	11.375	12.001	1	0	0	1	1788313885.577827	1788313885.760248	181459535	181460560
2026-09-02T01:43:24Z	2a8202573382705a9d423e5818e57d59e774bf3e	5a02941e176b9f49a05c37d8417a76b96b4a65bcf8812221a82d30ffd3ad5061	powerlevel10k-pure	external	35833ea15f14b71dbcebc7e54c104d8d56ca5268	2264a8042763edf2620cfe32d96b096e1f3d26aa	5.9	2.55.0	1000	150	dirty	17	12.278	12.905	1	0	0	1	1788313886.172010	1788313886.352972	181462737	181464099
2026-09-02T01:43:24Z	2a8202573382705a9d423e5818e57d59e774bf3e	5a02941e176b9f49a05c37d8417a76b96b4a65bcf8812221a82d30ffd3ad5061	powerlevel10k-pure	external	35833ea15f14b71dbcebc7e54c104d8d56ca5268	2264a8042763edf2620cfe32d96b096e1f3d26aa	5.9	2.55.0	1000	150	dirty	18	12.172	12.791	1	0	0	1	1788313886.771935	1788313886.955446	181466902	181468631
2026-09-02T01:43:24Z	2a8202573382705a9d423e5818e57d59e774bf3e	5a02941e176b9f49a05c37d8417a76b96b4a65bcf8812221a82d30ffd3ad5061	powerlevel10k-pure	external	35833ea15f14b71dbcebc7e54c104d8d56ca5268	2264a8042763edf2620cfe32d96b096e1f3d26aa	5.9	2.55.0	1000	150	dirty	19	13.864	14.639	1	0	0	1	1788313887.364294	1788313887.553341	181470795	181472157
2026-09-02T01:43:24Z	2a8202573382705a9d423e5818e57d59e774bf3e	5a02941e176b9f49a05c37d8417a76b96b4a65bcf8812221a82d30ffd3ad5061	powerlevel10k-pure	external	35833ea15f14b71dbcebc7e54c104d8d56ca5268	2264a8042763edf2620cfe32d96b096e1f3d26aa	5.9	2.55.0	1000	150	dirty	20	14.752	15.529	1	0	0	1	1788313887.958136	1788313888.146983	181474344	181475321
2026-09-02T01:43:24Z	2a8202573382705a9d423e5818e57d59e774bf3e	5a02941e176b9f49a05c37d8417a76b96b4a65bcf8812221a82d30ffd3ad5061	powerlevel10k-pure	external	35833ea15f14b71dbcebc7e54c104d8d56ca5268	2264a8042763edf2620cfe32d96b096e1f3d26aa	5.9	2.55.0	1000	150	untracked	1	12.299	20.748	1	0	0	1	1788313888.592422	1788313888.778702	181478220	181479381
2026-09-02T01:43:24Z	2a8202573382705a9d423e5818e57d59e774bf3e	5a02941e176b9f49a05c37d8417a76b96b4a65bcf8812221a82d30ffd3ad5061	powerlevel10k-pure	external	35833ea15f14b71dbcebc7e54c104d8d56ca5268	2264a8042763edf2620cfe32d96b096e1f3d26aa	5.9	2.55.0	1000	150	untracked	2	11.307	11.942	1	0	0	1	1788313889.193031	1788313889.368025	181481956	181483314
2026-09-02T01:43:24Z	2a8202573382705a9d423e5818e57d59e774bf3e	5a02941e176b9f49a05c37d8417a76b96b4a65bcf8812221a82d30ffd3ad5061	powerlevel10k-pure	external	35833ea15f14b71dbcebc7e54c104d8d56ca5268	2264a8042763edf2620cfe32d96b096e1f3d26aa	5.9	2.55.0	1000	150	untracked	3	11.561	12.206	1	0	0	1	1788313889.789392	1788313889.968118	181486048	181486999
2026-09-02T01:43:24Z	2a8202573382705a9d423e5818e57d59e774bf3e	5a02941e176b9f49a05c37d8417a76b96b4a65bcf8812221a82d30ffd3ad5061	powerlevel10k-pure	external	35833ea15f14b71dbcebc7e54c104d8d56ca5268	2264a8042763edf2620cfe32d96b096e1f3d26aa	5.9	2.55.0	1000	150	untracked	4	11.483	12.122	1	0	0	1	1788313890.371220	1788313890.543758	181490219	181491477
2026-09-02T01:43:24Z	2a8202573382705a9d423e5818e57d59e774bf3e	5a02941e176b9f49a05c37d8417a76b96b4a65bcf8812221a82d30ffd3ad5061	powerlevel10k-pure	external	35833ea15f14b71dbcebc7e54c104d8d56ca5268	2264a8042763edf2620cfe32d96b096e1f3d26aa	5.9	2.55.0	1000	150	untracked	5	14.121	14.759	1	0	0	1	1788313890.963605	1788313891.149115	181495110	181496231
2026-09-02T01:43:24Z	2a8202573382705a9d423e5818e57d59e774bf3e	5a02941e176b9f49a05c37d8417a76b96b4a65bcf8812221a82d30ffd3ad5061	powerlevel10k-pure	external	35833ea15f14b71dbcebc7e54c104d8d56ca5268	2264a8042763edf2620cfe32d96b096e1f3d26aa	5.9	2.55.0	1000	150	untracked	6	14.796	15.586	1	0	0	1	1788313891.561360	1788313891.750692	181498704	181499578
2026-09-02T01:43:24Z	2a8202573382705a9d423e5818e57d59e774bf3e	5a02941e176b9f49a05c37d8417a76b96b4a65bcf8812221a82d30ffd3ad5061	powerlevel10k-pure	external	35833ea15f14b71dbcebc7e54c104d8d56ca5268	2264a8042763edf2620cfe32d96b096e1f3d26aa	5.9	2.55.0	1000	150	untracked	7	11.663	12.345	1	0	0	1	1788313892.164283	1788313892.341165	181502273	181503445
2026-09-02T01:43:24Z	2a8202573382705a9d423e5818e57d59e774bf3e	5a02941e176b9f49a05c37d8417a76b96b4a65bcf8812221a82d30ffd3ad5061	powerlevel10k-pure	external	35833ea15f14b71dbcebc7e54c104d8d56ca5268	2264a8042763edf2620cfe32d96b096e1f3d26aa	5.9	2.55.0	1000	150	untracked	8	11.504	12.138	1	0	0	1	1788313892.741229	1788313892.926480	181505682	181506856
2026-09-02T01:43:24Z	2a8202573382705a9d423e5818e57d59e774bf3e	5a02941e176b9f49a05c37d8417a76b96b4a65bcf8812221a82d30ffd3ad5061	powerlevel10k-pure	external	35833ea15f14b71dbcebc7e54c104d8d56ca5268	2264a8042763edf2620cfe32d96b096e1f3d26aa	5.9	2.55.0	1000	150	untracked	9	14.863	15.648	1	0	0	1	1788313893.342261	1788313893.517670	181509529	181511155
2026-09-02T01:43:24Z	2a8202573382705a9d423e5818e57d59e774bf3e	5a02941e176b9f49a05c37d8417a76b96b4a65bcf8812221a82d30ffd3ad5061	powerlevel10k-pure	external	35833ea15f14b71dbcebc7e54c104d8d56ca5268	2264a8042763edf2620cfe32d96b096e1f3d26aa	5.9	2.55.0	1000	150	untracked	10	14.704	15.501	1	0	0	1	1788313893.942240	1788313894.118870	181514808	181515935
2026-09-02T01:43:24Z	2a8202573382705a9d423e5818e57d59e774bf3e	5a02941e176b9f49a05c37d8417a76b96b4a65bcf8812221a82d30ffd3ad5061	powerlevel10k-pure	external	35833ea15f14b71dbcebc7e54c104d8d56ca5268	2264a8042763edf2620cfe32d96b096e1f3d26aa	5.9	2.55.0	1000	150	untracked	11	11.580	12.254	1	0	0	1	1788313894.540910	1788313894.730200	181519536	181520815
2026-09-02T01:43:24Z	2a8202573382705a9d423e5818e57d59e774bf3e	5a02941e176b9f49a05c37d8417a76b96b4a65bcf8812221a82d30ffd3ad5061	powerlevel10k-pure	external	35833ea15f14b71dbcebc7e54c104d8d56ca5268	2264a8042763edf2620cfe32d96b096e1f3d26aa	5.9	2.55.0	1000	150	untracked	12	14.437	15.414	1	0	0	1	1788313895.148567	1788313895.339858	181524367	181526066
2026-09-02T01:43:24Z	2a8202573382705a9d423e5818e57d59e774bf3e	5a02941e176b9f49a05c37d8417a76b96b4a65bcf8812221a82d30ffd3ad5061	powerlevel10k-pure	external	35833ea15f14b71dbcebc7e54c104d8d56ca5268	2264a8042763edf2620cfe32d96b096e1f3d26aa	5.9	2.55.0	1000	150	untracked	13	11.379	12.002	1	0	0	1	1788313895.762151	1788313895.938961	181528186	181529459
2026-09-02T01:43:24Z	2a8202573382705a9d423e5818e57d59e774bf3e	5a02941e176b9f49a05c37d8417a76b96b4a65bcf8812221a82d30ffd3ad5061	powerlevel10k-pure	external	35833ea15f14b71dbcebc7e54c104d8d56ca5268	2264a8042763edf2620cfe32d96b096e1f3d26aa	5.9	2.55.0	1000	150	untracked	14	14.410	15.221	1	0	0	1	1788313896.359342	1788313896.541392	181531955	181533585
2026-09-02T01:43:24Z	2a8202573382705a9d423e5818e57d59e774bf3e	5a02941e176b9f49a05c37d8417a76b96b4a65bcf8812221a82d30ffd3ad5061	powerlevel10k-pure	external	35833ea15f14b71dbcebc7e54c104d8d56ca5268	2264a8042763edf2620cfe32d96b096e1f3d26aa	5.9	2.55.0	1000	150	untracked	15	14.201	14.987	1	0	0	1	1788313896.949030	1788313897.133067	181536596	181537796
2026-09-02T01:43:24Z	2a8202573382705a9d423e5818e57d59e774bf3e	5a02941e176b9f49a05c37d8417a76b96b4a65bcf8812221a82d30ffd3ad5061	powerlevel10k-pure	external	35833ea15f14b71dbcebc7e54c104d8d56ca5268	2264a8042763edf2620cfe32d96b096e1f3d26aa	5.9	2.55.0	1000	150	untracked	16	11.890	12.554	1	0	0	1	1788313897.554534	1788313897.743071	181544519	181546467
2026-09-02T01:43:24Z	2a8202573382705a9d423e5818e57d59e774bf3e	5a02941e176b9f49a05c37d8417a76b96b4a65bcf8812221a82d30ffd3ad5061	powerlevel10k-pure	external	35833ea15f14b71dbcebc7e54c104d8d56ca5268	2264a8042763edf2620cfe32d96b096e1f3d26aa	5.9	2.55.0	1000	150	untracked	17	11.563	12.187	1	0	0	1	1788313898.170202	1788313898.347970	181549120	181550501
2026-09-02T01:43:24Z	2a8202573382705a9d423e5818e57d59e774bf3e	5a02941e176b9f49a05c37d8417a76b96b4a65bcf8812221a82d30ffd3ad5061	powerlevel10k-pure	external	35833ea15f14b71dbcebc7e54c104d8d56ca5268	2264a8042763edf2620cfe32d96b096e1f3d26aa	5.9	2.55.0	1000	150	untracked	18	12.700	13.346	1	0	0	1	1788313898.755703	1788313898.930524	181553189	181554135
2026-09-02T01:43:24Z	2a8202573382705a9d423e5818e57d59e774bf3e	5a02941e176b9f49a05c37d8417a76b96b4a65bcf8812221a82d30ffd3ad5061	powerlevel10k-pure	external	35833ea15f14b71dbcebc7e54c104d8d56ca5268	2264a8042763edf2620cfe32d96b096e1f3d26aa	5.9	2.55.0	1000	150	untracked	19	11.234	11.872	1	0	0	1	1788313899.331491	1788313899.506715	181556786	181557884
2026-09-02T01:43:24Z	2a8202573382705a9d423e5818e57d59e774bf3e	5a02941e176b9f49a05c37d8417a76b96b4a65bcf8812221a82d30ffd3ad5061	powerlevel10k-pure	external	35833ea15f14b71dbcebc7e54c104d8d56ca5268	2264a8042763edf2620cfe32d96b096e1f3d26aa	5.9	2.55.0	1000	150	untracked	20	11.682	12.313	1	0	0	1	1788313899.923838	1788313900.096778	181560029	181560842
2026-09-02T01:43:24Z	2a8202573382705a9d423e5818e57d59e774bf3e	5a02941e176b9f49a05c37d8417a76b96b4a65bcf8812221a82d30ffd3ad5061	powerlevel10k-fallback	external	35833ea15f14b71dbcebc7e54c104d8d56ca5268	2264a8042763edf2620cfe32d96b096e1f3d26aa	5.9	2.55.0	1000	150	clean	1	14.063	14.063	0	0	0	1	1788313901.650864	1788313901.837890	181568173	181569053
2026-09-02T01:43:24Z	2a8202573382705a9d423e5818e57d59e774bf3e	5a02941e176b9f49a05c37d8417a76b96b4a65bcf8812221a82d30ffd3ad5061	powerlevel10k-fallback	external	35833ea15f14b71dbcebc7e54c104d8d56ca5268	2264a8042763edf2620cfe32d96b096e1f3d26aa	5.9	2.55.0	1000	150	clean	2	11.570	11.570	0	0	0	1	1788313902.246973	1788313902.426003	181571858	181573019
2026-09-02T01:43:24Z	2a8202573382705a9d423e5818e57d59e774bf3e	5a02941e176b9f49a05c37d8417a76b96b4a65bcf8812221a82d30ffd3ad5061	powerlevel10k-fallback	external	35833ea15f14b71dbcebc7e54c104d8d56ca5268	2264a8042763edf2620cfe32d96b096e1f3d26aa	5.9	2.55.0	1000	150	clean	3	13.908	13.908	0	0	0	1	1788313902.839049	1788313903.012178	181576685	181577521
2026-09-02T01:43:24Z	2a8202573382705a9d423e5818e57d59e774bf3e	5a02941e176b9f49a05c37d8417a76b96b4a65bcf8812221a82d30ffd3ad5061	powerlevel10k-fallback	external	35833ea15f14b71dbcebc7e54c104d8d56ca5268	2264a8042763edf2620cfe32d96b096e1f3d26aa	5.9	2.55.0	1000	150	clean	4	13.945	13.945	0	0	0	1	1788313903.419466	1788313903.593663	181579424	181580134
2026-09-02T01:43:24Z	2a8202573382705a9d423e5818e57d59e774bf3e	5a02941e176b9f49a05c37d8417a76b96b4a65bcf8812221a82d30ffd3ad5061	powerlevel10k-fallback	external	35833ea15f14b71dbcebc7e54c104d8d56ca5268	2264a8042763edf2620cfe32d96b096e1f3d26aa	5.9	2.55.0	1000	150	clean	5	12.058	12.058	0	0	0	1	1788313904.003649	1788313904.180930	181582433	181583598
2026-09-02T01:43:24Z	2a8202573382705a9d423e5818e57d59e774bf3e	5a02941e176b9f49a05c37d8417a76b96b4a65bcf8812221a82d30ffd3ad5061	powerlevel10k-fallback	external	35833ea15f14b71dbcebc7e54c104d8d56ca5268	2264a8042763edf2620cfe32d96b096e1f3d26aa	5.9	2.55.0	1000	150	clean	6	12.016	12.016	0	0	0	1	1788313904.589081	1788313904.763508	181585754	181587284
2026-09-02T01:43:24Z	2a8202573382705a9d423e5818e57d59e774bf3e	5a02941e176b9f49a05c37d8417a76b96b4a65bcf8812221a82d30ffd3ad5061	powerlevel10k-fallback	external	35833ea15f14b71dbcebc7e54c104d8d56ca5268	2264a8042763edf2620cfe32d96b096e1f3d26aa	5.9	2.55.0	1000	150	clean	7	11.082	11.082	0	0	0	1	1788313905.160170	1788313905.339741	181589780	181590788
2026-09-02T01:43:24Z	2a8202573382705a9d423e5818e57d59e774bf3e	5a02941e176b9f49a05c37d8417a76b96b4a65bcf8812221a82d30ffd3ad5061	powerlevel10k-fallback	external	35833ea15f14b71dbcebc7e54c104d8d56ca5268	2264a8042763edf2620cfe32d96b096e1f3d26aa	5.9	2.55.0	1000	150	clean	8	12.085	12.085	0	0	0	1	1788313905.756447	1788313905.934232	181594737	181597234
2026-09-02T01:43:24Z	2a8202573382705a9d423e5818e57d59e774bf3e	5a02941e176b9f49a05c37d8417a76b96b4a65bcf8812221a82d30ffd3ad5061	powerlevel10k-fallback	external	35833ea15f14b71dbcebc7e54c104d8d56ca5268	2264a8042763edf2620cfe32d96b096e1f3d26aa	5.9	2.55.0	1000	150	clean	9	12.825	12.825	0	0	0	1	1788313906.362400	1788313906.549523	181599717	181601178
2026-09-02T01:43:24Z	2a8202573382705a9d423e5818e57d59e774bf3e	5a02941e176b9f49a05c37d8417a76b96b4a65bcf8812221a82d30ffd3ad5061	powerlevel10k-fallback	external	35833ea15f14b71dbcebc7e54c104d8d56ca5268	2264a8042763edf2620cfe32d96b096e1f3d26aa	5.9	2.55.0	1000	150	clean	10	13.113	13.113	0	0	0	1	1788313906.956837	1788313907.134426	181604696	181605392
2026-09-02T01:43:24Z	2a8202573382705a9d423e5818e57d59e774bf3e	5a02941e176b9f49a05c37d8417a76b96b4a65bcf8812221a82d30ffd3ad5061	powerlevel10k-fallback	external	35833ea15f14b71dbcebc7e54c104d8d56ca5268	2264a8042763edf2620cfe32d96b096e1f3d26aa	5.9	2.55.0	1000	150	clean	11	11.765	11.765	0	0	0	1	1788313907.541623	1788313907.725039	181607467	181608422
2026-09-02T01:43:24Z	2a8202573382705a9d423e5818e57d59e774bf3e	5a02941e176b9f49a05c37d8417a76b96b4a65bcf8812221a82d30ffd3ad5061	powerlevel10k-fallback	external	35833ea15f14b71dbcebc7e54c104d8d56ca5268	2264a8042763edf2620cfe32d96b096e1f3d26aa	5.9	2.55.0	1000	150	clean	12	11.854	11.854	0	0	0	1	1788313908.141467	1788313908.316538	181612332	181613438
2026-09-02T01:43:24Z	2a8202573382705a9d423e5818e57d59e774bf3e	5a02941e176b9f49a05c37d8417a76b96b4a65bcf8812221a82d30ffd3ad5061	powerlevel10k-fallback	external	35833ea15f14b71dbcebc7e54c104d8d56ca5268	2264a8042763edf2620cfe32d96b096e1f3d26aa	5.9	2.55.0	1000	150	clean	13	11.832	11.832	0	0	0	1	1788313908.716410	1788313908.890171	181615694	181616495
2026-09-02T01:43:24Z	2a8202573382705a9d423e5818e57d59e774bf3e	5a02941e176b9f49a05c37d8417a76b96b4a65bcf8812221a82d30ffd3ad5061	powerlevel10k-fallback	external	35833ea15f14b71dbcebc7e54c104d8d56ca5268	2264a8042763edf2620cfe32d96b096e1f3d26aa	5.9	2.55.0	1000	150	clean	14	14.155	14.155	0	0	0	1	1788313909.294741	1788313909.479257	181618917	181621167
2026-09-02T01:43:24Z	2a8202573382705a9d423e5818e57d59e774bf3e	5a02941e176b9f49a05c37d8417a76b96b4a65bcf8812221a82d30ffd3ad5061	powerlevel10k-fallback	external	35833ea15f14b71dbcebc7e54c104d8d56ca5268	2264a8042763edf2620cfe32d96b096e1f3d26aa	5.9	2.55.0	1000	150	clean	15	13.769	13.769	0	0	0	1	1788313909.881647	1788313910.055715	181624470	181625823
2026-09-02T01:43:24Z	2a8202573382705a9d423e5818e57d59e774bf3e	5a02941e176b9f49a05c37d8417a76b96b4a65bcf8812221a82d30ffd3ad5061	powerlevel10k-fallback	external	35833ea15f14b71dbcebc7e54c104d8d56ca5268	2264a8042763edf2620cfe32d96b096e1f3d26aa	5.9	2.55.0	1000	150	clean	16	11.907	11.907	0	0	0	1	1788313910.460670	1788313910.648939	181628496	181629778
2026-09-02T01:43:24Z	2a8202573382705a9d423e5818e57d59e774bf3e	5a02941e176b9f49a05c37d8417a76b96b4a65bcf8812221a82d30ffd3ad5061	powerlevel10k-fallback	external	35833ea15f14b71dbcebc7e54c104d8d56ca5268	2264a8042763edf2620cfe32d96b096e1f3d26aa	5.9	2.55.0	1000	150	clean	17	14.601	14.601	0	0	0	1	1788313911.053306	1788313911.236968	181631674	181633156
2026-09-02T01:43:24Z	2a8202573382705a9d423e5818e57d59e774bf3e	5a02941e176b9f49a05c37d8417a76b96b4a65bcf8812221a82d30ffd3ad5061	powerlevel10k-fallback	external	35833ea15f14b71dbcebc7e54c104d8d56ca5268	2264a8042763edf2620cfe32d96b096e1f3d26aa	5.9	2.55.0	1000	150	clean	18	12.390	12.390	0	0	0	1	1788313911.643667	1788313911.832215	181636889	181639424
2026-09-02T01:43:24Z	2a8202573382705a9d423e5818e57d59e774bf3e	5a02941e176b9f49a05c37d8417a76b96b4a65bcf8812221a82d30ffd3ad5061	powerlevel10k-fallback	external	35833ea15f14b71dbcebc7e54c104d8d56ca5268	2264a8042763edf2620cfe32d96b096e1f3d26aa	5.9	2.55.0	1000	150	clean	19	12.028	12.028	0	0	0	1	1788313912.242546	1788313912.432135	181643156	181646527
2026-09-02T01:43:24Z	2a8202573382705a9d423e5818e57d59e774bf3e	5a02941e176b9f49a05c37d8417a76b96b4a65bcf8812221a82d30ffd3ad5061	powerlevel10k-fallback	external	35833ea15f14b71dbcebc7e54c104d8d56ca5268	2264a8042763edf2620cfe32d96b096e1f3d26aa	5.9	2.55.0	1000	150	clean	20	12.516	12.516	0	0	0	1	1788313912.836710	1788313913.025649	181668134	181669518
2026-09-02T01:43:24Z	2a8202573382705a9d423e5818e57d59e774bf3e	5a02941e176b9f49a05c37d8417a76b96b4a65bcf8812221a82d30ffd3ad5061	powerlevel10k-fallback	external	35833ea15f14b71dbcebc7e54c104d8d56ca5268	2264a8042763edf2620cfe32d96b096e1f3d26aa	5.9	2.55.0	1000	150	dirty	1	15.327	15.327	0	0	0	1	1788313913.465168	1788313913.645280	181673410	181674809
2026-09-02T01:43:24Z	2a8202573382705a9d423e5818e57d59e774bf3e	5a02941e176b9f49a05c37d8417a76b96b4a65bcf8812221a82d30ffd3ad5061	powerlevel10k-fallback	external	35833ea15f14b71dbcebc7e54c104d8d56ca5268	2264a8042763edf2620cfe32d96b096e1f3d26aa	5.9	2.55.0	1000	150	dirty	2	14.743	14.743	0	0	0	1	1788313914.063437	1788313914.238218	181677183	181678380
2026-09-02T01:43:24Z	2a8202573382705a9d423e5818e57d59e774bf3e	5a02941e176b9f49a05c37d8417a76b96b4a65bcf8812221a82d30ffd3ad5061	powerlevel10k-fallback	external	35833ea15f14b71dbcebc7e54c104d8d56ca5268	2264a8042763edf2620cfe32d96b096e1f3d26aa	5.9	2.55.0	1000	150	dirty	3	12.054	12.054	0	0	0	1	1788313914.643648	1788313914.828120	181680548	181681653
2026-09-02T01:43:24Z	2a8202573382705a9d423e5818e57d59e774bf3e	5a02941e176b9f49a05c37d8417a76b96b4a65bcf8812221a82d30ffd3ad5061	powerlevel10k-fallback	external	35833ea15f14b71dbcebc7e54c104d8d56ca5268	2264a8042763edf2620cfe32d96b096e1f3d26aa	5.9	2.55.0	1000	150	dirty	4	11.500	11.500	0	0	0	1	1788313915.243181	1788313915.425565	181684513	181686093
2026-09-02T01:43:24Z	2a8202573382705a9d423e5818e57d59e774bf3e	5a02941e176b9f49a05c37d8417a76b96b4a65bcf8812221a82d30ffd3ad5061	powerlevel10k-fallback	external	35833ea15f14b71dbcebc7e54c104d8d56ca5268	2264a8042763edf2620cfe32d96b096e1f3d26aa	5.9	2.55.0	1000	150	dirty	5	14.630	14.630	0	0	0	1	1788313915.832026	1788313916.021283	181690443	181692344
2026-09-02T01:43:24Z	2a8202573382705a9d423e5818e57d59e774bf3e	5a02941e176b9f49a05c37d8417a76b96b4a65bcf8812221a82d30ffd3ad5061	powerlevel10k-fallback	external	35833ea15f14b71dbcebc7e54c104d8d56ca5268	2264a8042763edf2620cfe32d96b096e1f3d26aa	5.9	2.55.0	1000	150	dirty	6	12.046	12.046	0	0	0	1	1788313916.424355	1788313916.599955	181694924	181695961
2026-09-02T01:43:24Z	2a8202573382705a9d423e5818e57d59e774bf3e	5a02941e176b9f49a05c37d8417a76b96b4a65bcf8812221a82d30ffd3ad5061	powerlevel10k-fallback	external	35833ea15f14b71dbcebc7e54c104d8d56ca5268	2264a8042763edf2620cfe32d96b096e1f3d26aa	5.9	2.55.0	1000	150	dirty	7	15.718	15.718	0	0	0	1	1788313917.003713	1788313917.189444	181698156	181699230
2026-09-02T01:43:24Z	2a8202573382705a9d423e5818e57d59e774bf3e	5a02941e176b9f49a05c37d8417a76b96b4a65bcf8812221a82d30ffd3ad5061	powerlevel10k-fallback	external	35833ea15f14b71dbcebc7e54c104d8d56ca5268	2264a8042763edf2620cfe32d96b096e1f3d26aa	5.9	2.55.0	1000	150	dirty	8	12.585	12.585	0	0	0	1	1788313917.601821	1788313917.781434	181701406	181702398
2026-09-02T01:43:24Z	2a8202573382705a9d423e5818e57d59e774bf3e	5a02941e176b9f49a05c37d8417a76b96b4a65bcf8812221a82d30ffd3ad5061	powerlevel10k-fallback	external	35833ea15f14b71dbcebc7e54c104d8d56ca5268	2264a8042763edf2620cfe32d96b096e1f3d26aa	5.9	2.55.0	1000	150	dirty	9	13.720	13.720	0	0	0	1	1788313918.201426	1788313918.378811	181704931	181706657
2026-09-02T01:43:24Z	2a8202573382705a9d423e5818e57d59e774bf3e	5a02941e176b9f49a05c37d8417a76b96b4a65bcf8812221a82d30ffd3ad5061	powerlevel10k-fallback	external	35833ea15f14b71dbcebc7e54c104d8d56ca5268	2264a8042763edf2620cfe32d96b096e1f3d26aa	5.9	2.55.0	1000	150	dirty	10	19.849	19.849	0	0	0	1	1788313918.781869	1788313918.968231	181709538	181710645
2026-09-02T01:43:24Z	2a8202573382705a9d423e5818e57d59e774bf3e	5a02941e176b9f49a05c37d8417a76b96b4a65bcf8812221a82d30ffd3ad5061	powerlevel10k-fallback	external	35833ea15f14b71dbcebc7e54c104d8d56ca5268	2264a8042763edf2620cfe32d96b096e1f3d26aa	5.9	2.55.0	1000	150	dirty	11	15.356	15.356	0	0	0	1	1788313919.383492	1788313919.566570	181712563	181714457
2026-09-02T01:43:24Z	2a8202573382705a9d423e5818e57d59e774bf3e	5a02941e176b9f49a05c37d8417a76b96b4a65bcf8812221a82d30ffd3ad5061	powerlevel10k-fallback	external	35833ea15f14b71dbcebc7e54c104d8d56ca5268	2264a8042763edf2620cfe32d96b096e1f3d26aa	5.9	2.55.0	1000	150	dirty	12	15.360	15.360	0	0	0	1	1788313919.990892	1788313920.172071	181716453	181717631
2026-09-02T01:43:24Z	2a8202573382705a9d423e5818e57d59e774bf3e	5a02941e176b9f49a05c37d8417a76b96b4a65bcf8812221a82d30ffd3ad5061	powerlevel10k-fallback	external	35833ea15f14b71dbcebc7e54c104d8d56ca5268	2264a8042763edf2620cfe32d96b096e1f3d26aa	5.9	2.55.0	1000	150	dirty	13	13.181	13.181	0	0	0	1	1788313920.598450	1788313920.780305	181719362	181720212
2026-09-02T01:43:24Z	2a8202573382705a9d423e5818e57d59e774bf3e	5a02941e176b9f49a05c37d8417a76b96b4a65bcf8812221a82d30ffd3ad5061	powerlevel10k-fallback	external	35833ea15f14b71dbcebc7e54c104d8d56ca5268	2264a8042763edf2620cfe32d96b096e1f3d26aa	5.9	2.55.0	1000	150	dirty	14	16.996	16.996	0	0	0	1	1788313921.219635	1788313921.406765	181723179	181724351
2026-09-02T01:43:24Z	2a8202573382705a9d423e5818e57d59e774bf3e	5a02941e176b9f49a05c37d8417a76b96b4a65bcf8812221a82d30ffd3ad5061	powerlevel10k-fallback	external	35833ea15f14b71dbcebc7e54c104d8d56ca5268	2264a8042763edf2620cfe32d96b096e1f3d26aa	5.9	2.55.0	1000	150	dirty	15	11.819	11.819	0	0	0	1	1788313921.813835	1788313921.996604	181726387	181728126
2026-09-02T01:43:24Z	2a8202573382705a9d423e5818e57d59e774bf3e	5a02941e176b9f49a05c37d8417a76b96b4a65bcf8812221a82d30ffd3ad5061	powerlevel10k-fallback	external	35833ea15f14b71dbcebc7e54c104d8d56ca5268	2264a8042763edf2620cfe32d96b096e1f3d26aa	5.9	2.55.0	1000	150	dirty	16	15.392	15.392	0	0	0	1	1788313922.404067	1788313922.595190	181730624	181732180
2026-09-02T01:43:24Z	2a8202573382705a9d423e5818e57d59e774bf3e	5a02941e176b9f49a05c37d8417a76b96b4a65bcf8812221a82d30ffd3ad5061	powerlevel10k-fallback	external	35833ea15f14b71dbcebc7e54c104d8d56ca5268	2264a8042763edf2620cfe32d96b096e1f3d26aa	5.9	2.55.0	1000	150	dirty	17	14.978	14.978	0	0	0	1	1788313923.011367	1788313923.196436	181734151	181735312
2026-09-02T01:43:24Z	2a8202573382705a9d423e5818e57d59e774bf3e	5a02941e176b9f49a05c37d8417a76b96b4a65bcf8812221a82d30ffd3ad5061	powerlevel10k-fallback	external	35833ea15f14b71dbcebc7e54c104d8d56ca5268	2264a8042763edf2620cfe32d96b096e1f3d26aa	5.9	2.55.0	1000	150	dirty	18	11.859	11.859	0	0	0	1	1788313923.612047	1788313923.795009	181737265	181738925
2026-09-02T01:43:24Z	2a8202573382705a9d423e5818e57d59e774bf3e	5a02941e176b9f49a05c37d8417a76b96b4a65bcf8812221a82d30ffd3ad5061	powerlevel10k-fallback	external	35833ea15f14b71dbcebc7e54c104d8d56ca5268	2264a8042763edf2620cfe32d96b096e1f3d26aa	5.9	2.55.0	1000	150	dirty	19	11.786	11.786	0	0	0	1	1788313924.202575	1788313924.379679	181741107	181742683
2026-09-02T01:43:24Z	2a8202573382705a9d423e5818e57d59e774bf3e	5a02941e176b9f49a05c37d8417a76b96b4a65bcf8812221a82d30ffd3ad5061	powerlevel10k-fallback	external	35833ea15f14b71dbcebc7e54c104d8d56ca5268	2264a8042763edf2620cfe32d96b096e1f3d26aa	5.9	2.55.0	1000	150	dirty	20	12.021	12.021	0	0	0	1	1788313924.793418	1788313924.969498	181745440	181746300
2026-09-02T01:43:24Z	2a8202573382705a9d423e5818e57d59e774bf3e	5a02941e176b9f49a05c37d8417a76b96b4a65bcf8812221a82d30ffd3ad5061	powerlevel10k-fallback	external	35833ea15f14b71dbcebc7e54c104d8d56ca5268	2264a8042763edf2620cfe32d96b096e1f3d26aa	5.9	2.55.0	1000	150	untracked	1	21.962	21.962	0	0	0	1	1788313925.417425	1788313925.607510	181749858	181751625
2026-09-02T01:43:24Z	2a8202573382705a9d423e5818e57d59e774bf3e	5a02941e176b9f49a05c37d8417a76b96b4a65bcf8812221a82d30ffd3ad5061	powerlevel10k-fallback	external	35833ea15f14b71dbcebc7e54c104d8d56ca5268	2264a8042763edf2620cfe32d96b096e1f3d26aa	5.9	2.55.0	1000	150	untracked	2	12.222	12.222	0	0	0	1	1788313926.025567	1788313926.207930	181754420	181756345
2026-09-02T01:43:24Z	2a8202573382705a9d423e5818e57d59e774bf3e	5a02941e176b9f49a05c37d8417a76b96b4a65bcf8812221a82d30ffd3ad5061	powerlevel10k-fallback	external	35833ea15f14b71dbcebc7e54c104d8d56ca5268	2264a8042763edf2620cfe32d96b096e1f3d26aa	5.9	2.55.0	1000	150	untracked	3	11.967	11.967	0	0	0	1	1788313926.622131	1788313926.808096	181758736	181759605
2026-09-02T01:43:24Z	2a8202573382705a9d423e5818e57d59e774bf3e	5a02941e176b9f49a05c37d8417a76b96b4a65bcf8812221a82d30ffd3ad5061	powerlevel10k-fallback	external	35833ea15f14b71dbcebc7e54c104d8d56ca5268	2264a8042763edf2620cfe32d96b096e1f3d26aa	5.9	2.55.0	1000	150	untracked	4	11.658	11.658	0	0	0	1	1788313927.218687	1788313927.398224	181761747	181763085
2026-09-02T01:43:24Z	2a8202573382705a9d423e5818e57d59e774bf3e	5a02941e176b9f49a05c37d8417a76b96b4a65bcf8812221a82d30ffd3ad5061	powerlevel10k-fallback	external	35833ea15f14b71dbcebc7e54c104d8d56ca5268	2264a8042763edf2620cfe32d96b096e1f3d26aa	5.9	2.55.0	1000	150	untracked	5	12.635	12.635	0	0	0	1	1788313927.819721	1788313927.996837	181765681	181766606
2026-09-02T01:43:24Z	2a8202573382705a9d423e5818e57d59e774bf3e	5a02941e176b9f49a05c37d8417a76b96b4a65bcf8812221a82d30ffd3ad5061	powerlevel10k-fallback	external	35833ea15f14b71dbcebc7e54c104d8d56ca5268	2264a8042763edf2620cfe32d96b096e1f3d26aa	5.9	2.55.0	1000	150	untracked	6	12.015	12.015	0	0	0	1	1788313928.398850	1788313928.579433	181769499	181770885
2026-09-02T01:43:24Z	2a8202573382705a9d423e5818e57d59e774bf3e	5a02941e176b9f49a05c37d8417a76b96b4a65bcf8812221a82d30ffd3ad5061	powerlevel10k-fallback	external	35833ea15f14b71dbcebc7e54c104d8d56ca5268	2264a8042763edf2620cfe32d96b096e1f3d26aa	5.9	2.55.0	1000	150	untracked	7	12.010	12.010	0	0	0	1	1788313928.993746	1788313929.176559	181773274	181775427
2026-09-02T01:43:24Z	2a8202573382705a9d423e5818e57d59e774bf3e	5a02941e176b9f49a05c37d8417a76b96b4a65bcf8812221a82d30ffd3ad5061	powerlevel10k-fallback	external	35833ea15f14b71dbcebc7e54c104d8d56ca5268	2264a8042763edf2620cfe32d96b096e1f3d26aa	5.9	2.55.0	1000	150	untracked	8	12.149	12.149	0	0	0	1	1788313929.592502	1788313929.780321	181777383	181778222
2026-09-02T01:43:24Z	2a8202573382705a9d423e5818e57d59e774bf3e	5a02941e176b9f49a05c37d8417a76b96b4a65bcf8812221a82d30ffd3ad5061	powerlevel10k-fallback	external	35833ea15f14b71dbcebc7e54c104d8d56ca5268	2264a8042763edf2620cfe32d96b096e1f3d26aa	5.9	2.55.0	1000	150	untracked	9	14.806	14.806	0	0	0	1	1788313930.187924	1788313930.379888	181780917	181783337
2026-09-02T01:43:24Z	2a8202573382705a9d423e5818e57d59e774bf3e	5a02941e176b9f49a05c37d8417a76b96b4a65bcf8812221a82d30ffd3ad5061	powerlevel10k-fallback	external	35833ea15f14b71dbcebc7e54c104d8d56ca5268	2264a8042763edf2620cfe32d96b096e1f3d26aa	5.9	2.55.0	1000	150	untracked	10	15.084	15.084	0	0	0	1	1788313930.804673	1788313930.995155	181785353	181786902
2026-09-02T01:43:24Z	2a8202573382705a9d423e5818e57d59e774bf3e	5a02941e176b9f49a05c37d8417a76b96b4a65bcf8812221a82d30ffd3ad5061	powerlevel10k-fallback	external	35833ea15f14b71dbcebc7e54c104d8d56ca5268	2264a8042763edf2620cfe32d96b096e1f3d26aa	5.9	2.55.0	1000	150	untracked	11	11.990	11.990	0	0	0	1	1788313931.404980	1788313931.581774	181789228	181790641
2026-09-02T01:43:24Z	2a8202573382705a9d423e5818e57d59e774bf3e	5a02941e176b9f49a05c37d8417a76b96b4a65bcf8812221a82d30ffd3ad5061	powerlevel10k-fallback	external	35833ea15f14b71dbcebc7e54c104d8d56ca5268	2264a8042763edf2620cfe32d96b096e1f3d26aa	5.9	2.55.0	1000	150	untracked	12	13.569	13.569	0	0	0	1	1788313931.991704	1788313932.169705	181793465	181794969
2026-09-02T01:43:24Z	2a8202573382705a9d423e5818e57d59e774bf3e	5a02941e176b9f49a05c37d8417a76b96b4a65bcf8812221a82d30ffd3ad5061	powerlevel10k-fallback	external	35833ea15f14b71dbcebc7e54c104d8d56ca5268	2264a8042763edf2620cfe32d96b096e1f3d26aa	5.9	2.55.0	1000	150	untracked	13	16.811	16.811	0	0	0	1	1788313932.611331	1788313932.787453	181797773	181799055
2026-09-02T01:43:24Z	2a8202573382705a9d423e5818e57d59e774bf3e	5a02941e176b9f49a05c37d8417a76b96b4a65bcf8812221a82d30ffd3ad5061	powerlevel10k-fallback	external	35833ea15f14b71dbcebc7e54c104d8d56ca5268	2264a8042763edf2620cfe32d96b096e1f3d26aa	5.9	2.55.0	1000	150	untracked	14	22.618	22.618	0	0	0	1	1788313933.223225	1788313933.406538	181801366	181804607
2026-09-02T01:43:24Z	2a8202573382705a9d423e5818e57d59e774bf3e	5a02941e176b9f49a05c37d8417a76b96b4a65bcf8812221a82d30ffd3ad5061	powerlevel10k-fallback	external	35833ea15f14b71dbcebc7e54c104d8d56ca5268	2264a8042763edf2620cfe32d96b096e1f3d26aa	5.9	2.55.0	1000	150	untracked	15	15.013	15.013	0	0	0	1	1788313933.842330	1788313934.016831	181808018	181809609
2026-09-02T01:43:24Z	2a8202573382705a9d423e5818e57d59e774bf3e	5a02941e176b9f49a05c37d8417a76b96b4a65bcf8812221a82d30ffd3ad5061	powerlevel10k-fallback	external	35833ea15f14b71dbcebc7e54c104d8d56ca5268	2264a8042763edf2620cfe32d96b096e1f3d26aa	5.9	2.55.0	1000	150	untracked	16	13.812	13.812	0	0	0	1	1788313934.439259	1788313934.612869	181814251	181816162
2026-09-02T01:43:24Z	2a8202573382705a9d423e5818e57d59e774bf3e	5a02941e176b9f49a05c37d8417a76b96b4a65bcf8812221a82d30ffd3ad5061	powerlevel10k-fallback	external	35833ea15f14b71dbcebc7e54c104d8d56ca5268	2264a8042763edf2620cfe32d96b096e1f3d26aa	5.9	2.55.0	1000	150	untracked	17	14.586	14.586	0	0	0	1	1788313935.047539	1788313935.236368	181818374	181819999
2026-09-02T01:43:24Z	2a8202573382705a9d423e5818e57d59e774bf3e	5a02941e176b9f49a05c37d8417a76b96b4a65bcf8812221a82d30ffd3ad5061	powerlevel10k-fallback	external	35833ea15f14b71dbcebc7e54c104d8d56ca5268	2264a8042763edf2620cfe32d96b096e1f3d26aa	5.9	2.55.0	1000	150	untracked	18	14.628	14.628	0	0	0	1	1788313935.647182	1788313935.821583	181825033	181826839
2026-09-02T01:43:24Z	2a8202573382705a9d423e5818e57d59e774bf3e	5a02941e176b9f49a05c37d8417a76b96b4a65bcf8812221a82d30ffd3ad5061	powerlevel10k-fallback	external	35833ea15f14b71dbcebc7e54c104d8d56ca5268	2264a8042763edf2620cfe32d96b096e1f3d26aa	5.9	2.55.0	1000	150	untracked	19	12.447	12.447	0	0	0	1	1788313936.251258	1788313936.433316	181829104	181831096
2026-09-02T01:43:24Z	2a8202573382705a9d423e5818e57d59e774bf3e	5a02941e176b9f49a05c37d8417a76b96b4a65bcf8812221a82d30ffd3ad5061	powerlevel10k-fallback	external	35833ea15f14b71dbcebc7e54c104d8d56ca5268	2264a8042763edf2620cfe32d96b096e1f3d26aa	5.9	2.55.0	1000	150	untracked	20	11.720	11.720	0	0	0	1	1788313936.866497	1788313937.048174	181833733	181834834
